season,episode_number,image,title,link,airdate,rating,total_votes,description
1,1,"https://m.media-amazon.com/images/M/MV5BMjUxNDljOTctYjVkMS00NzE2LWI0NjMtNTZkMWQ0MjY0M2ExXkEyXkFqcGdeQXVyNTQzOTg1MDM@._V1_UX224_CR0,0,224,126_AL_.jpg",Pilot,/title/tt0606110/?ref_=ttep_ep1,"
            7 Jan. 2016
    ",8.4,"6,348","It's the year 2030 and an older Ted Mosby is telling the story to his son and daughter about how he met and will eventually marry their mother. This is where we meet for the first time Ted, Lily, Marshall, Barney and Robin."
1,2,"https://m.media-amazon.com/images/M/MV5BMjUxNDljOTctYjVkMS00NzE2LWI0NjMtNTZkMWQ0MjY0M2ExXkEyXkFqcGdeQXVyNTQzOTg1MDM@._V1_UX224_CR0,0,224,126_AL_.jpg",Purple Giraffe,/title/tt0606111/?ref_=ttep_ep2,"
            26 Sep. 2005
    ",8.0,"4,870","Ted throws a party in hopes of seeing Robin again, but when she doesn't show up, he throws another... and another."
1,3,"https://m.media-amazon.com/images/M/MV5BMjUxNDljOTctYjVkMS00NzE2LWI0NjMtNTZkMWQ0MjY0M2ExXkEyXkFqcGdeQXVyNTQzOTg1MDM@._V1_UX224_CR0,0,224,126_AL_.jpg",The Sweet Taste of Liberty,/title/tt0606117/?ref_=ttep_ep3,"
            3 Oct. 2005
    ",8.0,"4,620","Barney's plan to meet girls at the airport backfires as he and Ted are picked up by airport security. Meanwhile, Lily gets jealous of Robin."
1,4,"https://m.media-amazon.com/images/M/MV5BMjUxNDljOTctYjVkMS00NzE2LWI0NjMtNTZkMWQ0MjY0M2ExXkEyXkFqcGdeQXVyNTQzOTg1MDM@._V1_UX224_CR0,0,224,126_AL_.jpg",Return of the Shirt,/title/tt0606112/?ref_=ttep_ep4,"
            10 Oct. 2005
    ",7.9,"4,358",Ted reconnects with an old flame and soon remembers why he dumped her in the first place. Barney pays Robin to say outrageous things on the air.
1,5,"https://m.media-amazon.com/images/M/MV5BMjUxNDljOTctYjVkMS00NzE2LWI0NjMtNTZkMWQ0MjY0M2ExXkEyXkFqcGdeQXVyNTQzOTg1MDM@._V1_UX224_CR0,0,224,126_AL_.jpg",Okay Awesome,/title/tt0606109/?ref_=ttep_ep5,"
            17 Oct. 2005
    ",8.2,"4,486","Robin, Ted, and Barney go to a hot new club, leaving the engaged Marshall and Lily to a more adult, albeit boring, evening of wine tasting."
1,6,"https://m.media-amazon.com/images/M/MV5BMjUxNDljOTctYjVkMS00NzE2LWI0NjMtNTZkMWQ0MjY0M2ExXkEyXkFqcGdeQXVyNTQzOTg1MDM@._V1_UX224_CR0,0,224,126_AL_.jpg",The Slutty Pumpkin,/title/tt0606116/?ref_=ttep_ep6,"
            24 Oct. 2005
    ",8.0,"4,328","Marshall and Lily enter a Halloween costume party and Robin brings her new boyfriend. Ted and Barney go to the same Halloween party they go to every year where Ted looks for his lost love, the Slutty Pumpkin."
1,7,"https://m.media-amazon.com/images/M/MV5BMjUxNDljOTctYjVkMS00NzE2LWI0NjMtNTZkMWQ0MjY0M2ExXkEyXkFqcGdeQXVyNTQzOTg1MDM@._V1_UX224_CR0,0,224,126_AL_.jpg",Matchmaker,/title/tt0606108/?ref_=ttep_ep7,"
            7 Nov. 2005
    ",7.6,"4,082","When Ted signs up with a matchmaking service, he learns that love is not a science. Marshall and Lily confront a creature living in their apartment."
1,8,"https://m.media-amazon.com/images/M/MV5BMjUxNDljOTctYjVkMS00NzE2LWI0NjMtNTZkMWQ0MjY0M2ExXkEyXkFqcGdeQXVyNTQzOTg1MDM@._V1_UX224_CR0,0,224,126_AL_.jpg",The Duel,/title/tt0606113/?ref_=ttep_ep8,"
            14 Nov. 2005
    ",8.0,"4,059","Lily moves in with Marshall and Ted, and when Ted suspects that he's being edged out of the apartment, he and Marshall decide to settle it like men."
1,9,"https://m.media-amazon.com/images/M/MV5BMjUxNDljOTctYjVkMS00NzE2LWI0NjMtNTZkMWQ0MjY0M2ExXkEyXkFqcGdeQXVyNTQzOTg1MDM@._V1_UX224_CR0,0,224,126_AL_.jpg",Belly Full of Turkey,/title/tt0606104/?ref_=ttep_ep9,"
            21 Nov. 2005
    ",7.9,"4,034","Thanksgiving with Marshall's family is stressful when Lily thinks she might be pregnant. Robin, Barney, and Ted spend the holiday volunteering."
1,10,"https://m.media-amazon.com/images/M/MV5BMjUxNDljOTctYjVkMS00NzE2LWI0NjMtNTZkMWQ0MjY0M2ExXkEyXkFqcGdeQXVyNTQzOTg1MDM@._V1_UX224_CR0,0,224,126_AL_.jpg",The Pineapple Incident,/title/tt0606115/?ref_=ttep_ep10,"
            28 Nov. 2005
    ",9.1,"6,112","After an alcohol-induced blackout, Ted awakens to find a strange woman and a pineapple in his bed."
1,11,"https://m.media-amazon.com/images/M/MV5BMjUxNDljOTctYjVkMS00NzE2LWI0NjMtNTZkMWQ0MjY0M2ExXkEyXkFqcGdeQXVyNTQzOTg1MDM@._V1_UX224_CR0,0,224,126_AL_.jpg",The Limo,/title/tt0606114/?ref_=ttep_ep11,"
            19 Dec. 2005
    ",8.2,"4,254","It's New Year's Eve 2005 and Ted spends a large portion of his Christmas bonus for a limo for him and the gang. In addition, he has outlined a plan for how they will ring in the New Year. Unfortunately, things don't always go as planned."
1,12,"https://m.media-amazon.com/images/M/MV5BMjUxNDljOTctYjVkMS00NzE2LWI0NjMtNTZkMWQ0MjY0M2ExXkEyXkFqcGdeQXVyNTQzOTg1MDM@._V1_UX224_CR0,0,224,126_AL_.jpg",The Wedding,/title/tt0606118/?ref_=ttep_ep12,"
            9 Jan. 2006
    ",8.0,"3,954","Ted's romantic hopes are dashed when he invites Robin to a fancy wedding, only to discover that the bride-to-be won't allow him to bring a date."
1,13,"https://m.media-amazon.com/images/M/MV5BMjUxNDljOTctYjVkMS00NzE2LWI0NjMtNTZkMWQ0MjY0M2ExXkEyXkFqcGdeQXVyNTQzOTg1MDM@._V1_UX224_CR0,0,224,126_AL_.jpg","Drumroll, Please",/title/tt0606106/?ref_=ttep_ep13,"
            23 Jan. 2006
    ",8.6,"4,504","Robin is emotionally torn when Ted meets an exciting new woman, Victoria, at the wedding. Afterward, though, he doesn't know how to contact her."
1,14,"https://m.media-amazon.com/images/M/MV5BMjUxNDljOTctYjVkMS00NzE2LWI0NjMtNTZkMWQ0MjY0M2ExXkEyXkFqcGdeQXVyNTQzOTg1MDM@._V1_UX224_CR0,0,224,126_AL_.jpg","Zip, Zip, Zip",/title/tt0606119/?ref_=ttep_ep14,"
            6 Feb. 2006
    ",8.1,"3,868","Hiding in the bathroom, Marshall and Lily wait for Ted and Victoria to consummate their relationship, and Barney gets the wrong idea from Robin."
1,15,"https://m.media-amazon.com/images/M/MV5BMjUxNDljOTctYjVkMS00NzE2LWI0NjMtNTZkMWQ0MjY0M2ExXkEyXkFqcGdeQXVyNTQzOTg1MDM@._V1_UX224_CR0,0,224,126_AL_.jpg",Game Night,/title/tt0606107/?ref_=ttep_ep15,"
            27 Feb. 2006
    ",9.0,"5,011",Marshall's game night leads to some startling and very embarrassing revelations.
1,16,"https://m.media-amazon.com/images/M/MV5BMjUxNDljOTctYjVkMS00NzE2LWI0NjMtNTZkMWQ0MjY0M2ExXkEyXkFqcGdeQXVyNTQzOTg1MDM@._V1_UX224_CR0,0,224,126_AL_.jpg",Cupcake,/title/tt0606105/?ref_=ttep_ep16,"
            6 Mar. 2006
    ",7.8,"3,702","Just as Ted and Victoria's relationship is beginning to flourish, she's offered a scholarship to a culinary institute in Germany."
1,17,"https://m.media-amazon.com/images/M/MV5BMjUxNDljOTctYjVkMS00NzE2LWI0NjMtNTZkMWQ0MjY0M2ExXkEyXkFqcGdeQXVyNTQzOTg1MDM@._V1_UX224_CR0,0,224,126_AL_.jpg",Life Among the Gorillas,/title/tt0756504/?ref_=ttep_ep17,"
            20 Mar. 2006
    ",7.6,"3,672","With Victoria in Germany, Ted faces the pitfalls of long-distance relationships. Marshall has trouble fitting in at Barney's company."
1,18,"https://m.media-amazon.com/images/M/MV5BMjUxNDljOTctYjVkMS00NzE2LWI0NjMtNTZkMWQ0MjY0M2ExXkEyXkFqcGdeQXVyNTQzOTg1MDM@._V1_UX224_CR0,0,224,126_AL_.jpg",Nothing Good Happens After 2 AM,/title/tt0606103/?ref_=ttep_ep18,"
            10 Apr. 2006
    ",8.4,"4,090","With Victoria on his mind, Ted has conflicted feelings when Robin invites him over for a late-night rendevouz."
1,19,"https://m.media-amazon.com/images/M/MV5BMjUxNDljOTctYjVkMS00NzE2LWI0NjMtNTZkMWQ0MjY0M2ExXkEyXkFqcGdeQXVyNTQzOTg1MDM@._V1_UX224_CR0,0,224,126_AL_.jpg",Mary the Paralegal,/title/tt0788623/?ref_=ttep_ep19,"
            24 Apr. 2006
    ",8.7,"4,381","Ted needs a date to take to Robin's awards banquet, so Barney hooks him up with Mary, who may be a call girl."
1,20,"https://m.media-amazon.com/images/M/MV5BMjUxNDljOTctYjVkMS00NzE2LWI0NjMtNTZkMWQ0MjY0M2ExXkEyXkFqcGdeQXVyNTQzOTg1MDM@._V1_UX224_CR0,0,224,126_AL_.jpg",Best Prom Ever,/title/tt0760776/?ref_=ttep_ep20,"
            1 May 2006
    ",7.7,"3,671","With her wedding day fast approaching, Lily, along with Barney and Robin, crashes a high school prom to scope out a potential band for the reception."
1,21,"https://m.media-amazon.com/images/M/MV5BMjUxNDljOTctYjVkMS00NzE2LWI0NjMtNTZkMWQ0MjY0M2ExXkEyXkFqcGdeQXVyNTQzOTg1MDM@._V1_UX224_CR0,0,224,126_AL_.jpg",Milk,/title/tt0801608/?ref_=ttep_ep21,"
            8 May 2006
    ",8.0,"3,703","Ted is excited when a matchmaking service claims to have found his soul mate, but he postpones his date to help Lily, who has a surprising revelation."
1,22,"https://m.media-amazon.com/images/M/MV5BMjUxNDljOTctYjVkMS00NzE2LWI0NjMtNTZkMWQ0MjY0M2ExXkEyXkFqcGdeQXVyNTQzOTg1MDM@._V1_UX224_CR0,0,224,126_AL_.jpg",Come On,/title/tt0774239/?ref_=ttep_ep22,"
            15 May 2006
    ",8.7,"4,556",Ted makes a final attempt to win Robin's heart. Marshall and Lily's relationship is in jeopardy.
2,1,"https://m.media-amazon.com/images/M/MV5BYjk3MTk5ZWQtNmFiZS00ODFlLTg3ZGUtZGIwZWM5NDQ4ZmQzXkEyXkFqcGdeQXVyMjg2MTMyNTM@._V1_UX224_CR0,0,224,126_AL_.jpg",Where Were We?,/title/tt0863640/?ref_=ttep_ep1,"
            18 Sep. 2006
    ",8.0,"3,678",Marshall becomes predictably depressed and pathetic after the breakup. And it only gets worse when he discovers that Lily may be back in town.
2,2,"https://m.media-amazon.com/images/M/MV5BYjk3MTk5ZWQtNmFiZS00ODFlLTg3ZGUtZGIwZWM5NDQ4ZmQzXkEyXkFqcGdeQXVyMjg2MTMyNTM@._V1_UX224_CR0,0,224,126_AL_.jpg",The Scorpion and the Toad,/title/tt0869673/?ref_=ttep_ep2,"
            25 Sep. 2006
    ",8.1,"3,594","Barney gets Marshall back out on the singles market, but Barney keeps taking all the prospects from him. And Ted's convinced that Lily is back because she wants Marshall back, even though she says she's never been better."
2,3,"https://m.media-amazon.com/images/M/MV5BYjk3MTk5ZWQtNmFiZS00ODFlLTg3ZGUtZGIwZWM5NDQ4ZmQzXkEyXkFqcGdeQXVyMjg2MTMyNTM@._V1_UX224_CR0,0,224,126_AL_.jpg",Brunch,/title/tt0873024/?ref_=ttep_ep3,"
            2 Oct. 2006
    ",8.4,"3,746","Ted discovers that his parents are keeping a secret from him after his dad acts as Barney's wingman, and Marshall and Lily intentionally try to get each other sexually aroused."
2,4,"https://m.media-amazon.com/images/M/MV5BYjk3MTk5ZWQtNmFiZS00ODFlLTg3ZGUtZGIwZWM5NDQ4ZmQzXkEyXkFqcGdeQXVyMjg2MTMyNTM@._V1_UX224_CR0,0,224,126_AL_.jpg","Ted Mosby, Architect",/title/tt0858000/?ref_=ttep_ep4,"
            9 Oct. 2006
    ",8.7,"4,212",Barney tells Ted that single women like architects. But will Ted use this useful tidbit of information to cheat on Robin after they have their first fight?
2,5,"https://m.media-amazon.com/images/M/MV5BYjk3MTk5ZWQtNmFiZS00ODFlLTg3ZGUtZGIwZWM5NDQ4ZmQzXkEyXkFqcGdeQXVyMjg2MTMyNTM@._V1_UX224_CR0,0,224,126_AL_.jpg",World's Greatest Couple,/title/tt0866188/?ref_=ttep_ep5,"
            16 Oct. 2006
    ",8.7,"4,023","Lily gets introduced to Barney's bachelor pad when she needs a place to stay, and Marshall finds a unlikely new friend to join him for brunch, concerts and musicals."
2,6,"https://m.media-amazon.com/images/M/MV5BYjk3MTk5ZWQtNmFiZS00ODFlLTg3ZGUtZGIwZWM5NDQ4ZmQzXkEyXkFqcGdeQXVyMjg2MTMyNTM@._V1_UX224_CR0,0,224,126_AL_.jpg",Aldrin Justice,/title/tt0865115/?ref_=ttep_ep6,"
            23 Oct. 2006
    ",8.0,"3,582","Ted gets Lily a job at his firm, but she only makes trouble for Ted when he refuses to stand up to his boss. And Barney sleeps with Marshall's law school professor to help his grades, but she's less than impressed with his prowess."
2,7,"https://m.media-amazon.com/images/M/MV5BYjk3MTk5ZWQtNmFiZS00ODFlLTg3ZGUtZGIwZWM5NDQ4ZmQzXkEyXkFqcGdeQXVyMjg2MTMyNTM@._V1_UX224_CR0,0,224,126_AL_.jpg",Swarley,/title/tt0875360/?ref_=ttep_ep7,"
            6 Nov. 2006
    ",8.9,"4,968","The guys tell Marshall to stay away from his new date because she has ""crazy eyes,"" but she couldn't be any crazier than Lily after she learns that Marshall's going out on his first new date."
2,8,"https://m.media-amazon.com/images/M/MV5BYjk3MTk5ZWQtNmFiZS00ODFlLTg3ZGUtZGIwZWM5NDQ4ZmQzXkEyXkFqcGdeQXVyMjg2MTMyNTM@._V1_UX224_CR0,0,224,126_AL_.jpg",Atlantic City,/title/tt0885871/?ref_=ttep_ep8,"
            13 Nov. 2006
    ",7.8,"3,570","Marshall and Lily elope to Atlantic City, but they discover that getting married in Atlantic City isn't as easy as getting married in Las Vegas."
2,9,"https://m.media-amazon.com/images/M/MV5BYjk3MTk5ZWQtNmFiZS00ODFlLTg3ZGUtZGIwZWM5NDQ4ZmQzXkEyXkFqcGdeQXVyMjg2MTMyNTM@._V1_UX224_CR0,0,224,126_AL_.jpg",Slap Bet,/title/tt0885872/?ref_=ttep_ep9,"
            20 Nov. 2006
    ",9.4,"7,245","The gang discovers that Robin's been hiding a huge secret, but they have no idea what it is. Marshall thinks she is married, and Barney thinks she was a porn star."
2,10,"https://m.media-amazon.com/images/M/MV5BYjk3MTk5ZWQtNmFiZS00ODFlLTg3ZGUtZGIwZWM5NDQ4ZmQzXkEyXkFqcGdeQXVyMjg2MTMyNTM@._V1_UX224_CR0,0,224,126_AL_.jpg",Single Stamina,/title/tt0892578/?ref_=ttep_ep10,"
            27 Nov. 2006
    ",8.0,"3,567","Barney's gay black brother is in town, but he doesn't want to tell Barney that he's getting married because he'll be losing his only single sidekick."
2,11,"https://m.media-amazon.com/images/M/MV5BYjk3MTk5ZWQtNmFiZS00ODFlLTg3ZGUtZGIwZWM5NDQ4ZmQzXkEyXkFqcGdeQXVyMjg2MTMyNTM@._V1_UX224_CR0,0,224,126_AL_.jpg",How Lily Stole Christmas,/title/tt0904645/?ref_=ttep_ep11,"
            11 Dec. 2006
    ",8.0,"3,561","Lily takes away her Christmas display after she finds out that Ted called her a bad name while she was broken up with Marshall, and Barney is too sick for his Christmas plans."
2,12,"https://m.media-amazon.com/images/M/MV5BYjk3MTk5ZWQtNmFiZS00ODFlLTg3ZGUtZGIwZWM5NDQ4ZmQzXkEyXkFqcGdeQXVyMjg2MTMyNTM@._V1_UX224_CR0,0,224,126_AL_.jpg",First Time in New York,/title/tt0897111/?ref_=ttep_ep12,"
            8 Jan. 2007
    ",8.0,"3,631","Robin tries to keep her younger sister from losing her virginity while on vacation in New York, which causes everyone to reminisce about their first times."
2,13,"https://m.media-amazon.com/images/M/MV5BYjk3MTk5ZWQtNmFiZS00ODFlLTg3ZGUtZGIwZWM5NDQ4ZmQzXkEyXkFqcGdeQXVyMjg2MTMyNTM@._V1_UX224_CR0,0,224,126_AL_.jpg",Columns,/title/tt0924673/?ref_=ttep_ep13,"
            22 Jan. 2007
    ",7.8,"3,348","Barney asks Lily to paint a nude picture of him after finding her painting of Marshall. And Ted can't find an opportune time to fire his old boss, who now works for him but still keeps undermining his work."
2,14,"https://m.media-amazon.com/images/M/MV5BYjk3MTk5ZWQtNmFiZS00ODFlLTg3ZGUtZGIwZWM5NDQ4ZmQzXkEyXkFqcGdeQXVyMjg2MTMyNTM@._V1_UX224_CR0,0,224,126_AL_.jpg",Monday Night Football,/title/tt0933496/?ref_=ttep_ep14,"
            5 Feb. 2007
    ",8.3,"3,604","Everybody misses the Super Bowl because of a funeral. Therefore, they all try to go 24 hours without finding out who won so that they can watch the game together on Monday night."
2,15,"https://m.media-amazon.com/images/M/MV5BYjk3MTk5ZWQtNmFiZS00ODFlLTg3ZGUtZGIwZWM5NDQ4ZmQzXkEyXkFqcGdeQXVyMjg2MTMyNTM@._V1_UX224_CR0,0,224,126_AL_.jpg",Lucky Penny,/title/tt0946316/?ref_=ttep_ep15,"
            12 Feb. 2007
    ",8.3,"3,543","When Ted misses his important business trip to Chicago, he tries to trace his steps back to the original incident that triggered the series of events that made him miss the flight."
2,16,"https://m.media-amazon.com/images/M/MV5BYjk3MTk5ZWQtNmFiZS00ODFlLTg3ZGUtZGIwZWM5NDQ4ZmQzXkEyXkFqcGdeQXVyMjg2MTMyNTM@._V1_UX224_CR0,0,224,126_AL_.jpg",Stuff,/title/tt0943657/?ref_=ttep_ep16,"
            19 Feb. 2007
    ",8.4,"3,710","Ted tries to get rid of everything he received from other women at Robin's request, but getting rid of the stuff Robin received from other men won't be as easy. Meanwhile, Barney gets revenge on Lily for making him attend her terrible play."
2,17,"https://m.media-amazon.com/images/M/MV5BYjk3MTk5ZWQtNmFiZS00ODFlLTg3ZGUtZGIwZWM5NDQ4ZmQzXkEyXkFqcGdeQXVyMjg2MTMyNTM@._V1_UX224_CR0,0,224,126_AL_.jpg","Arrivederci, Fiero",/title/tt0969965/?ref_=ttep_ep17,"
            26 Feb. 2007
    ",8.1,"3,582","When Marshall's car doesn't quite make it to 200,000 miles without dying completely, everybody reminisces about their greatest memories with the car."
2,18,"https://m.media-amazon.com/images/M/MV5BYjk3MTk5ZWQtNmFiZS00ODFlLTg3ZGUtZGIwZWM5NDQ4ZmQzXkEyXkFqcGdeQXVyMjg2MTMyNTM@._V1_UX224_CR0,0,224,126_AL_.jpg",Moving Day,/title/tt0978049/?ref_=ttep_ep18,"
            19 Mar. 2007
    ",7.9,"3,343","Ted and Robin decide to move in together, but nobody appears to be happy with the new living arrangements--especially Barney."
2,19,"https://m.media-amazon.com/images/M/MV5BYjk3MTk5ZWQtNmFiZS00ODFlLTg3ZGUtZGIwZWM5NDQ4ZmQzXkEyXkFqcGdeQXVyMjg2MTMyNTM@._V1_UX224_CR0,0,224,126_AL_.jpg",Bachelor Party,/title/tt0966112/?ref_=ttep_ep19,"
            9 Apr. 2007
    ",8.3,"3,538","Ted changes Barney's bachelor party plans for Marshall at the last minute, so that it won't just consist of gambling and cheap strippers. And Robin gets Lily an inappropriate shower party gift."
2,20,"https://m.media-amazon.com/images/M/MV5BYjk3MTk5ZWQtNmFiZS00ODFlLTg3ZGUtZGIwZWM5NDQ4ZmQzXkEyXkFqcGdeQXVyMjg2MTMyNTM@._V1_UX224_CR0,0,224,126_AL_.jpg",Showdown,/title/tt0994245/?ref_=ttep_ep20,"
            30 Apr. 2007
    ",8.8,"3,892","Barney becomes a contestant on ""The Price Is Right"" so that he can confront Bob Barker, because he believes that the game show host is his biological father."
2,21,"https://m.media-amazon.com/images/M/MV5BYjk3MTk5ZWQtNmFiZS00ODFlLTg3ZGUtZGIwZWM5NDQ4ZmQzXkEyXkFqcGdeQXVyMjg2MTMyNTM@._V1_UX224_CR0,0,224,126_AL_.jpg",Something Borrowed,/title/tt0982196/?ref_=ttep_ep21,"
            7 May 2007
    ",8.7,"3,690","Marshall and Lily's wedding is destined to become a disaster, until fate intervenes and makes it perfect."
2,22,"https://m.media-amazon.com/images/M/MV5BYjk3MTk5ZWQtNmFiZS00ODFlLTg3ZGUtZGIwZWM5NDQ4ZmQzXkEyXkFqcGdeQXVyMjg2MTMyNTM@._V1_UX224_CR0,0,224,126_AL_.jpg",Something Blue,/title/tt1017766/?ref_=ttep_ep22,"
            14 May 2007
    ",8.7,"3,741","As the happy couple celebrate their wedding, Ted and Robin tell Barney about the latest development of their relationship."
3,1,"https://m.media-amazon.com/images/M/MV5BYWQxMDAwZGItZGM5MC00ZjNmLWIyZDEtNDA1ZWQyNGVjZGQ4XkEyXkFqcGdeQXVyMjg2MTMyNTM@._V1_UX224_CR0,0,224,126_AL_.jpg",Wait for It,/title/tt1084790/?ref_=ttep_ep1,"
            24 Sep. 2007
    ",8.1,"3,662","Ted's still not ready to date months after his breakup with Robin. But when Robin returns to New York with an exotic new boyfriend, he decides it's time to finally do something adventurous."
3,2,"https://m.media-amazon.com/images/M/MV5BYWQxMDAwZGItZGM5MC00ZjNmLWIyZDEtNDA1ZWQyNGVjZGQ4XkEyXkFqcGdeQXVyMjg2MTMyNTM@._V1_UX224_CR0,0,224,126_AL_.jpg",We're Not from Here,/title/tt1115217/?ref_=ttep_ep2,"
            1 Oct. 2007
    ",7.5,"3,274","Ted and Barney pose as tourists to pick up on a couple of New York women, and Robin starts getting fed up with her new boyfriend."
3,3,"https://m.media-amazon.com/images/M/MV5BYWQxMDAwZGItZGM5MC00ZjNmLWIyZDEtNDA1ZWQyNGVjZGQ4XkEyXkFqcGdeQXVyMjg2MTMyNTM@._V1_UX224_CR0,0,224,126_AL_.jpg",Third Wheel,/title/tt1097293/?ref_=ttep_ep3,"
            8 Oct. 2007
    ",8.0,"3,435","Ted has a chance for a threesome with two women, but Barney and Lily try to sabotage it. Meanwhile, Robin's date also goes better than expected, if only she can find a razor."
3,4,"https://m.media-amazon.com/images/M/MV5BYWQxMDAwZGItZGM5MC00ZjNmLWIyZDEtNDA1ZWQyNGVjZGQ4XkEyXkFqcGdeQXVyMjg2MTMyNTM@._V1_UX224_CR0,0,224,126_AL_.jpg",Little Boys,/title/tt1094834/?ref_=ttep_ep4,"
            15 Oct. 2007
    ",7.6,"3,253","Robin tries to date a guy with a child, even though she does not like or want children. Meanwhile, Ted finds it impossible to make it with a woman he knows that Barney slept with a year ago."
3,5,"https://m.media-amazon.com/images/M/MV5BYWQxMDAwZGItZGM5MC00ZjNmLWIyZDEtNDA1ZWQyNGVjZGQ4XkEyXkFqcGdeQXVyMjg2MTMyNTM@._V1_UX224_CR0,0,224,126_AL_.jpg",How I Met Everyone Else,/title/tt1121411/?ref_=ttep_ep5,"
            22 Oct. 2007
    ",8.9,"4,537","While everyone meets Ted's new crazy girlfriend, everyone recounts their stories of how they met everyone else. But the stories turn out to have several inconsistencies."
3,6,"https://m.media-amazon.com/images/M/MV5BYWQxMDAwZGItZGM5MC00ZjNmLWIyZDEtNDA1ZWQyNGVjZGQ4XkEyXkFqcGdeQXVyMjg2MTMyNTM@._V1_UX224_CR0,0,224,126_AL_.jpg",I'm Not That Guy,/title/tt1117436/?ref_=ttep_ep6,"
            29 Oct. 2007
    ",7.9,"3,230","Ted discovers that a porn star is using his name. Marshall is wined and dined by a firm that defends polluters, and Lily's spending habits may force him to take the job."
3,7,"https://m.media-amazon.com/images/M/MV5BYWQxMDAwZGItZGM5MC00ZjNmLWIyZDEtNDA1ZWQyNGVjZGQ4XkEyXkFqcGdeQXVyMjg2MTMyNTM@._V1_UX224_CR0,0,224,126_AL_.jpg",Dowisetrepla,/title/tt1120228/?ref_=ttep_ep7,"
            5 Nov. 2007
    ",7.9,"3,272","Marshall and Lily decide to buy a new home, which forces Lily to finally confront Marshall about her credit card debt."
3,8,"https://m.media-amazon.com/images/M/MV5BYWQxMDAwZGItZGM5MC00ZjNmLWIyZDEtNDA1ZWQyNGVjZGQ4XkEyXkFqcGdeQXVyMjg2MTMyNTM@._V1_UX224_CR0,0,224,126_AL_.jpg",Spoiler Alert,/title/tt1140904/?ref_=ttep_ep8,"
            12 Nov. 2007
    ",9.0,"4,519","The guys shatter Ted's impressions of his new girlfriend by telling him she talks too much. Ted responds by turning the tables on his friends, and they react by pointing out Ted's worst flaw."
3,9,"https://m.media-amazon.com/images/M/MV5BYWQxMDAwZGItZGM5MC00ZjNmLWIyZDEtNDA1ZWQyNGVjZGQ4XkEyXkFqcGdeQXVyMjg2MTMyNTM@._V1_UX224_CR0,0,224,126_AL_.jpg",Slapsgiving,/title/tt1142665/?ref_=ttep_ep9,"
            19 Nov. 2007
    ",8.9,"4,333","Marshall warns Barney that the third slap in their ""slap bet"" will be coming on Thanksgiving night. Meanwhile, Ted and Robin sleep together on the night before Thanksgiving."
3,10,"https://m.media-amazon.com/images/M/MV5BYWQxMDAwZGItZGM5MC00ZjNmLWIyZDEtNDA1ZWQyNGVjZGQ4XkEyXkFqcGdeQXVyMjg2MTMyNTM@._V1_UX224_CR0,0,224,126_AL_.jpg",The Yips,/title/tt1155839/?ref_=ttep_ep10,"
            26 Nov. 2007
    ",7.8,"3,300",Barney has trouble hitting on women at the Victoria's Secret after party and so has to return to the woman who took his virginity.
3,11,"https://m.media-amazon.com/images/M/MV5BYWQxMDAwZGItZGM5MC00ZjNmLWIyZDEtNDA1ZWQyNGVjZGQ4XkEyXkFqcGdeQXVyMjg2MTMyNTM@._V1_UX224_CR0,0,224,126_AL_.jpg",The Platinum Rule,/title/tt1154186/?ref_=ttep_ep11,"
            10 Dec. 2007
    ",8.4,"3,470",Barney and the gang try to convince Ted not to date the doctor that is removing his tattoo by giving examples of the Platinum Rule.
3,12,"https://m.media-amazon.com/images/M/MV5BYWQxMDAwZGItZGM5MC00ZjNmLWIyZDEtNDA1ZWQyNGVjZGQ4XkEyXkFqcGdeQXVyMjg2MTMyNTM@._V1_UX224_CR0,0,224,126_AL_.jpg",No Tomorrow,/title/tt1203040/?ref_=ttep_ep12,"
            17 Mar. 2008
    ",8.0,"3,343","On St-Patrick's Day, Ted follows Barney to a bar to party like there's no tomorrow, while Robin discovers something strange about Marshall and Lily's new apartment."
3,13,"https://m.media-amazon.com/images/M/MV5BYWQxMDAwZGItZGM5MC00ZjNmLWIyZDEtNDA1ZWQyNGVjZGQ4XkEyXkFqcGdeQXVyMjg2MTMyNTM@._V1_UX224_CR0,0,224,126_AL_.jpg",Ten Sessions,/title/tt1204516/?ref_=ttep_ep13,"
            24 Mar. 2008
    ",8.7,"3,993","As the search for Mrs. Right continues, Ted woos his dermatologist Stella -- but her receptionist, Abby, seems more interested in him."
3,14,"https://m.media-amazon.com/images/M/MV5BYWQxMDAwZGItZGM5MC00ZjNmLWIyZDEtNDA1ZWQyNGVjZGQ4XkEyXkFqcGdeQXVyMjg2MTMyNTM@._V1_UX224_CR0,0,224,126_AL_.jpg",The Bracket,/title/tt1206872/?ref_=ttep_ep14,"
            31 Mar. 2008
    ",8.6,"3,544","One of Barney's exes is sabotaging his love life, but he doesn't know who. So he makes a NCAA Basketball Tournament-style bracket to figure out which women he wronged the worst."
3,15,"https://m.media-amazon.com/images/M/MV5BYWQxMDAwZGItZGM5MC00ZjNmLWIyZDEtNDA1ZWQyNGVjZGQ4XkEyXkFqcGdeQXVyMjg2MTMyNTM@._V1_UX224_CR0,0,224,126_AL_.jpg",The Chain of Screaming,/title/tt1206866/?ref_=ttep_ep15,"
            14 Apr. 2008
    ",7.8,"3,191","Marshall cries in front of his boss after he chews him out, and everybody gives Marshall their own unique advice on how to confront his boss about the situation."
3,16,"https://m.media-amazon.com/images/M/MV5BYWQxMDAwZGItZGM5MC00ZjNmLWIyZDEtNDA1ZWQyNGVjZGQ4XkEyXkFqcGdeQXVyMjg2MTMyNTM@._V1_UX224_CR0,0,224,126_AL_.jpg",Sandcastles in the Sand,/title/tt1206867/?ref_=ttep_ep16,"
            21 Apr. 2008
    ",8.1,"3,507","Robin gives romance a second try with an old boyfriend, only to have him break her heart...again."
3,17,"https://m.media-amazon.com/images/M/MV5BYWQxMDAwZGItZGM5MC00ZjNmLWIyZDEtNDA1ZWQyNGVjZGQ4XkEyXkFqcGdeQXVyMjg2MTMyNTM@._V1_UX224_CR0,0,224,126_AL_.jpg",The Goat,/title/tt1206868/?ref_=ttep_ep17,"
            28 Apr. 2008
    ",8.1,"3,242","Barney is upset because he violated his own ""bro code"" by sleeping with Robin. How will Ted react when he learns that Barney slept with his ex-girlfriend?"
3,18,"https://m.media-amazon.com/images/M/MV5BYWQxMDAwZGItZGM5MC00ZjNmLWIyZDEtNDA1ZWQyNGVjZGQ4XkEyXkFqcGdeQXVyMjg2MTMyNTM@._V1_UX224_CR0,0,224,126_AL_.jpg",Rebound Bro,/title/tt1206869/?ref_=ttep_ep18,"
            5 May 2008
    ",8.0,"3,181","Barney finds a new wingman to replace Ted, but he's painfully shy and awkward around women. Meanwhile Ted discovers that his new girlfriend Stella hasn't had sex in 5 years."
3,19,"https://m.media-amazon.com/images/M/MV5BYWQxMDAwZGItZGM5MC00ZjNmLWIyZDEtNDA1ZWQyNGVjZGQ4XkEyXkFqcGdeQXVyMjg2MTMyNTM@._V1_UX224_CR0,0,224,126_AL_.jpg",Everything Must Go,/title/tt1206870/?ref_=ttep_ep19,"
            12 May 2008
    ",7.6,"3,173","Barney helps Abby get back at Ted by staging a fake proposal, but Abby doesn't realize that it's fake. Lily decides to sell some of her paintings so that she and Marshall can pay for floor repairs at their new place."
3,20,"https://m.media-amazon.com/images/M/MV5BYWQxMDAwZGItZGM5MC00ZjNmLWIyZDEtNDA1ZWQyNGVjZGQ4XkEyXkFqcGdeQXVyMjg2MTMyNTM@._V1_UX224_CR0,0,224,126_AL_.jpg",Miracles,/title/tt1206871/?ref_=ttep_ep20,"
            19 May 2008
    ",8.5,"3,503","Ted breaks up with Stella but immediately wants to take it back after a life-changing experience. However, Stella doesn't realize that he broke up with her. Meanwhile, Barney has a serious accident on his way to see Ted in the hospital."
4,1,"https://m.media-amazon.com/images/M/MV5BMTcyNzI3Njk4N15BMl5BanBnXkFtZTcwMDM4MzU5MQ@@._V1_UX224_CR0,0,224,126_AL_.jpg",Do I Know You?,/title/tt1256606/?ref_=ttep_ep1,"
            22 Sep. 2008
    ",8.5,"3,667","Ted and Stella get engaged, but Ted soon learns that he doesn't know anything about her. Meanwhile, Barney confesses to Lily that he's in love with Robin"
4,2,"https://m.media-amazon.com/images/M/MV5BMTcyNzI3Njk4N15BMl5BanBnXkFtZTcwMDM4MzU5MQ@@._V1_UX224_CR0,0,224,126_AL_.jpg",The Best Burger in New York,/title/tt1256181/?ref_=ttep_ep2,"
            29 Sep. 2008
    ",8.4,"3,872","Marshall claims that he had the best hamburger in the world during his first week in New York City, but he forgot where the burger joint is located. The gang then hits the streets of Manhattan to help him find it."
4,3,"https://m.media-amazon.com/images/M/MV5BMTcyNzI3Njk4N15BMl5BanBnXkFtZTcwMDM4MzU5MQ@@._V1_UX224_CR0,0,224,126_AL_.jpg",I Heart NJ,/title/tt1256185/?ref_=ttep_ep3,"
            6 Oct. 2008
    ",7.6,"3,180",Ted does not want to move in with Stella because he hates New Jersey. Robin prematurely quits her TV job because she incorrectly thinks that she already has a new job.
4,4,"https://m.media-amazon.com/images/M/MV5BMTcyNzI3Njk4N15BMl5BanBnXkFtZTcwMDM4MzU5MQ@@._V1_UX224_CR0,0,224,126_AL_.jpg",Intervention,/title/tt1256186/?ref_=ttep_ep4,"
            13 Oct. 2008
    ",8.7,"3,822","Ted, Robin, Marshall, and Lily all begin getting cold feet because of their imminent life changes, and Barney tries to prove that he can pick up a woman while posing as an 80-year-old man."
4,5,"https://m.media-amazon.com/images/M/MV5BMTcyNzI3Njk4N15BMl5BanBnXkFtZTcwMDM4MzU5MQ@@._V1_UX224_CR0,0,224,126_AL_.jpg",Shelter Island,/title/tt1256187/?ref_=ttep_ep5,"
            20 Oct. 2008
    ",8.2,"3,334","Ted and Stella move up their wedding date, but the wedding may not go off as planned after Ted breaks the ""No Exes Rule"" and invites Robin to come in from Japan for the wedding."
4,6,"https://m.media-amazon.com/images/M/MV5BMTcyNzI3Njk4N15BMl5BanBnXkFtZTcwMDM4MzU5MQ@@._V1_UX224_CR0,0,224,126_AL_.jpg",Happily Ever After,/title/tt1256188/?ref_=ttep_ep6,"
            3 Nov. 2008
    ",7.9,"3,172",The gang tries to hide from Stella when they discover that they are eating at the same restaurant.
4,7,"https://m.media-amazon.com/images/M/MV5BMTcyNzI3Njk4N15BMl5BanBnXkFtZTcwMDM4MzU5MQ@@._V1_UX224_CR0,0,224,126_AL_.jpg",Not a Father's Day,/title/tt1256189/?ref_=ttep_ep7,"
            10 Nov. 2008
    ",7.7,"3,103","While Barney celebrates a pregnancy false alarm, Marshall and Lily try to figure out if it's time to have a baby."
4,8,"https://m.media-amazon.com/images/M/MV5BMTcyNzI3Njk4N15BMl5BanBnXkFtZTcwMDM4MzU5MQ@@._V1_UX224_CR0,0,224,126_AL_.jpg",Woooo!,/title/tt1256190/?ref_=ttep_ep8,"
            17 Nov. 2008
    ",7.9,"3,308","Lily is disappointed to discover that Robin is secretly a ""Woooo! Girl,"" and Barney secretly sabotages Ted's chance to get the contract to design a new bank skyscraper."
4,9,"https://m.media-amazon.com/images/M/MV5BMTcyNzI3Njk4N15BMl5BanBnXkFtZTcwMDM4MzU5MQ@@._V1_UX224_CR0,0,224,126_AL_.jpg",The Naked Man,/title/tt1256191/?ref_=ttep_ep9,"
            24 Nov. 2008
    ",9.1,"5,215","When the gang learns that a bold, desperation date move got Robin into bed, Ted and Barney decide to try it out for themselves."
4,10,"https://m.media-amazon.com/images/M/MV5BMTcyNzI3Njk4N15BMl5BanBnXkFtZTcwMDM4MzU5MQ@@._V1_UX224_CR0,0,224,126_AL_.jpg",The Fight,/title/tt1256171/?ref_=ttep_ep10,"
            8 Dec. 2008
    ",8.2,"3,303","The guys get invited to fight alongside Doug the Bartender. However, the fight doesn't go exactly how they imagined it to."
4,11,"https://m.media-amazon.com/images/M/MV5BMTcyNzI3Njk4N15BMl5BanBnXkFtZTcwMDM4MzU5MQ@@._V1_UX224_CR0,0,224,126_AL_.jpg",Little Minnesota,/title/tt1256172/?ref_=ttep_ep11,"
            15 Dec. 2008
    ",8.0,"3,244","Ted tries to keep his irresponsible sister from hooking up with Barney during her trip to New York, and Robin starts hanging out with Marshall at a bar for Minnesotans, not telling them that she's really Canadian."
4,12,"https://m.media-amazon.com/images/M/MV5BMTcyNzI3Njk4N15BMl5BanBnXkFtZTcwMDM4MzU5MQ@@._V1_UX224_CR0,0,224,126_AL_.jpg",Benefits,/title/tt1256173/?ref_=ttep_ep12,"
            12 Jan. 2009
    ",8.5,"3,502","Ted and Robin discover that sex with each other solve their fights as roommates, which makes Barney very jealous and angry. Meanwhile, Marshall reveals that he's too embarrassed to use the office bathroom."
4,13,"https://m.media-amazon.com/images/M/MV5BMTcyNzI3Njk4N15BMl5BanBnXkFtZTcwMDM4MzU5MQ@@._V1_UX224_CR0,0,224,126_AL_.jpg",Three Days of Snow,/title/tt1256174/?ref_=ttep_ep13,"
            19 Jan. 2009
    ",8.4,"3,457","Ted and Barney get an opportunity to run their own bar during a historic blizzard, while Marshall and Lily try to defy the odds and continue one of their cherished traditions."
4,14,"https://m.media-amazon.com/images/M/MV5BMTcyNzI3Njk4N15BMl5BanBnXkFtZTcwMDM4MzU5MQ@@._V1_UX224_CR0,0,224,126_AL_.jpg",The Possimpible,/title/tt1256175/?ref_=ttep_ep14,"
            2 Feb. 2009
    ",8.2,"3,306","Robin needs to find a television job in seven days or else she loses her work visa, and Barney volunteers to come to her aid. Meanwhile, Ted, Marshall, and Lily consider cleaning up their resumes"
4,15,"https://m.media-amazon.com/images/M/MV5BMTcyNzI3Njk4N15BMl5BanBnXkFtZTcwMDM4MzU5MQ@@._V1_UX224_CR0,0,224,126_AL_.jpg",The Stinsons,/title/tt1256176/?ref_=ttep_ep15,"
            2 Mar. 2009
    ",8.2,"3,372","The guys find out that Barney is pretending to have a wife and son to make his mother happy, but the charade is blown when Ted makes a move on Barney's ""wife."""
4,16,"https://m.media-amazon.com/images/M/MV5BMTcyNzI3Njk4N15BMl5BanBnXkFtZTcwMDM4MzU5MQ@@._V1_UX224_CR0,0,224,126_AL_.jpg","Sorry, Bro",/title/tt1256177/?ref_=ttep_ep16,"
            9 Mar. 2009
    ",7.6,"3,198","Ted meets with his ex-girlfriend from college--a girlfriend who cheated on him constantly and Marshall and Lily can't stand, and Marshall tells the story about how he forgot to bring his pants to work."
4,17,"https://m.media-amazon.com/images/M/MV5BMTcyNzI3Njk4N15BMl5BanBnXkFtZTcwMDM4MzU5MQ@@._V1_UX224_CR0,0,224,126_AL_.jpg",The Front Porch,/title/tt1256178/?ref_=ttep_ep17,"
            16 Mar. 2009
    ",8.2,"3,345","Ted becomes angry with Lily when he finds out that she has been sabotaging all his relationships that she did not approve of, including his relationship with Robin."
4,18,"https://m.media-amazon.com/images/M/MV5BMTcyNzI3Njk4N15BMl5BanBnXkFtZTcwMDM4MzU5MQ@@._V1_UX224_CR0,0,224,126_AL_.jpg",Old King Clancy,/title/tt1256179/?ref_=ttep_ep18,"
            23 Mar. 2009
    ",7.5,"3,044","Barney and Marshall don't tell Ted that the plans for the building he has been working on have been scrapped, and the guys try to figure out which Canadian celebrity Robin slept with."
4,19,"https://m.media-amazon.com/images/M/MV5BMTcyNzI3Njk4N15BMl5BanBnXkFtZTcwMDM4MzU5MQ@@._V1_UX224_CR0,0,224,126_AL_.jpg",Murtaugh,/title/tt1256180/?ref_=ttep_ep19,"
            30 Mar. 2009
    ",8.3,"3,323","Barney tries to do all the items on Ted's ""I'm too old for this stuff"" list while Marshall's over-competitive side comes out when he coaches Lily's kindergarten basketball team."
4,20,"https://m.media-amazon.com/images/M/MV5BMTcyNzI3Njk4N15BMl5BanBnXkFtZTcwMDM4MzU5MQ@@._V1_UX224_CR0,0,224,126_AL_.jpg",Mosbius Designs,/title/tt1256182/?ref_=ttep_ep20,"
            13 Apr. 2009
    ",7.5,"3,086","Ted's plans to make his own design firm in his apartment hit a snag when his personal assistant begins sleeping with Robin, and Marshall tries to find a way to make himself indispensable at his workplace."
4,21,"https://m.media-amazon.com/images/M/MV5BMTcyNzI3Njk4N15BMl5BanBnXkFtZTcwMDM4MzU5MQ@@._V1_UX224_CR0,0,224,126_AL_.jpg",The Three Days Rule,/title/tt1256184/?ref_=ttep_ep21,"
            27 Apr. 2009
    ",8.6,"3,475","Ted gets around the three-day rule by texting a woman he just met, but he doesn't realize that he's actually texting Barney and Marshall."
4,22,"https://m.media-amazon.com/images/M/MV5BMTcyNzI3Njk4N15BMl5BanBnXkFtZTcwMDM4MzU5MQ@@._V1_UX224_CR0,0,224,126_AL_.jpg",Right Place Right Time,/title/tt1256183/?ref_=ttep_ep22,"
            4 May 2009
    ",8.1,"3,194",Ted recounts the series of random events that lead up to the chance meeting with the woman who would eventually become his wife.
4,23,"https://m.media-amazon.com/images/M/MV5BMTcyNzI3Njk4N15BMl5BanBnXkFtZTcwMDM4MzU5MQ@@._V1_UX224_CR0,0,224,126_AL_.jpg",As Fast as She Can,/title/tt1410619/?ref_=ttep_ep23,"
            11 May 2009
    ",7.6,"3,109","Stella's boyfriend Tony breaks up with her after having a conversation with Ted, prompting Stella to come back to Ted with a surprising request."
4,24,"https://m.media-amazon.com/images/M/MV5BMTcyNzI3Njk4N15BMl5BanBnXkFtZTcwMDM4MzU5MQ@@._V1_UX224_CR0,0,224,126_AL_.jpg",The Leap,/title/tt1425523/?ref_=ttep_ep24,"
            18 May 2009
    ",8.6,"3,657","While Ted struggles with an unorthodox architecture project, Robin finds out that Barney is in love with her, and Marshall threatens to take a long-considered leap from the roof to a neighboring building."
5,1,"https://m.media-amazon.com/images/M/MV5BOTM2MTEyODU0OF5BMl5BanBnXkFtZTcwMTc3MzM4Mg@@._V1_UX224_CR0,0,224,126_AL_.jpg",Definitions,/title/tt1491272/?ref_=ttep_ep1,"
            21 Sep. 2009
    ",8.4,"3,492","As Ted begins his new career as a professor and is about to meet his future wife, Lily forces Barney and Robin to have ""the talk"" and define their new relationship."
5,2,"https://m.media-amazon.com/images/M/MV5BOTM2MTEyODU0OF5BMl5BanBnXkFtZTcwMTc3MzM4Mg@@._V1_UX224_CR0,0,224,126_AL_.jpg",Double Date,/title/tt1510422/?ref_=ttep_ep2,"
            28 Sep. 2009
    ",8.0,"3,169","Ted goes on a blind date with the same woman he went on a blind date with seven years ago, and Barney and Marshall find Lily's stripper look-alike."
5,3,"https://m.media-amazon.com/images/M/MV5BOTM2MTEyODU0OF5BMl5BanBnXkFtZTcwMTc3MzM4Mg@@._V1_UX224_CR0,0,224,126_AL_.jpg",Robin 101,/title/tt1520584/?ref_=ttep_ep3,"
            5 Oct. 2009
    ",8.2,"3,274","When Robin fears that Barney is cheating on her, she soon discovers that he is spending his evenings with Ted learning everything there is to know on how to date her"
5,4,"https://m.media-amazon.com/images/M/MV5BOTM2MTEyODU0OF5BMl5BanBnXkFtZTcwMTc3MzM4Mg@@._V1_UX224_CR0,0,224,126_AL_.jpg",The Sexless Innkeeper,/title/tt1523038/?ref_=ttep_ep4,"
            12 Oct. 2009
    ",7.8,"3,320","When Lily and Marshall realize that Robin and Barney are the perfect double-date friends, they try too hard to impress and come on too strong. Meanwhile, Ted gets a new nickname from Barney after an unsuccessful hook-up."
5,5,"https://m.media-amazon.com/images/M/MV5BOTM2MTEyODU0OF5BMl5BanBnXkFtZTcwMTc3MzM4Mg@@._V1_UX224_CR0,0,224,126_AL_.jpg",Duel Citizenship,/title/tt1523745/?ref_=ttep_ep5,"
            19 Oct. 2009
    ",7.6,"3,137","While Barney tries to convince Robin to become an American citizen, Ted and Marshall's fabled road trip takes a wrong turn when Marshall invites Lily."
5,6,"https://m.media-amazon.com/images/M/MV5BOTM2MTEyODU0OF5BMl5BanBnXkFtZTcwMTc3MzM4Mg@@._V1_UX224_CR0,0,224,126_AL_.jpg",Bagpipes,/title/tt1531287/?ref_=ttep_ep6,"
            2 Nov. 2009
    ",7.6,"3,010","Despite their best efforts to be the perfect couple, Barney's know-it-all attitude gets him in trouble with Robin and they are forced to ask Marshall and Lily for relationship advice."
5,7,"https://m.media-amazon.com/images/M/MV5BOTM2MTEyODU0OF5BMl5BanBnXkFtZTcwMTc3MzM4Mg@@._V1_UX224_CR0,0,224,126_AL_.jpg",The Rough Patch,/title/tt1536724/?ref_=ttep_ep7,"
            9 Nov. 2009
    ",7.6,"3,183","After Barney and Robin hit a rough patch in their relationship, Lily devises the perfect plan to break them up, calling in help from Robin's famous friend, Alan Thicke."
5,8,"https://m.media-amazon.com/images/M/MV5BOTM2MTEyODU0OF5BMl5BanBnXkFtZTcwMTc3MzM4Mg@@._V1_UX224_CR0,0,224,126_AL_.jpg",The Playbook,/title/tt1541289/?ref_=ttep_ep8,"
            16 Nov. 2009
    ",9.3,"6,660","When Barney hooks up with a woman Lily had been saving for Ted, she gets revenge by stealing his ""playbook,"" which contains all the moves he uses to pick up women. But will Barney have the last laugh?"
5,9,"https://m.media-amazon.com/images/M/MV5BOTM2MTEyODU0OF5BMl5BanBnXkFtZTcwMTc3MzM4Mg@@._V1_UX224_CR0,0,224,126_AL_.jpg",Slapsgiving 2: Revenge of the Slap,/title/tt1541288/?ref_=ttep_ep9,"
            23 Nov. 2009
    ",7.8,"3,298","Barney freaks out when Marshall bequeaths a ""slap bet"" slap to Ted and Robin. Meanwhile, Lily's estranged father shows up for Thanksgiving."
5,10,"https://m.media-amazon.com/images/M/MV5BOTM2MTEyODU0OF5BMl5BanBnXkFtZTcwMTc3MzM4Mg@@._V1_UX224_CR0,0,224,126_AL_.jpg",The Window,/title/tt1553522/?ref_=ttep_ep10,"
            7 Dec. 2009
    ",8.0,"3,204","Maggie a girl next door Ted has wanted to date for years has suddenly broken up with her latest boyfriend, giving him and many other guys a chance to score with her."
5,11,"https://m.media-amazon.com/images/M/MV5BOTM2MTEyODU0OF5BMl5BanBnXkFtZTcwMTc3MzM4Mg@@._V1_UX224_CR0,0,224,126_AL_.jpg",Last Cigarette Ever,/title/tt1559709/?ref_=ttep_ep11,"
            14 Dec. 2009
    ",7.7,"3,361",The gang struggles to quit smoking while Robin clashes with her new jaded co-worker.
5,12,"https://m.media-amazon.com/images/M/MV5BOTM2MTEyODU0OF5BMl5BanBnXkFtZTcwMTc3MzM4Mg@@._V1_UX224_CR0,0,224,126_AL_.jpg",Girls vs. Suits,/title/tt1570154/?ref_=ttep_ep12,"
            11 Jan. 2010
    ",9.0,"5,266","Barney chooses between wearing suits and sleeping with a sexy bartender. Meanwhile, Ted gets ever closer to meeting ""the mother""."
5,13,"https://m.media-amazon.com/images/M/MV5BOTM2MTEyODU0OF5BMl5BanBnXkFtZTcwMTc3MzM4Mg@@._V1_UX224_CR0,0,224,126_AL_.jpg",Jenkins,/title/tt1570155/?ref_=ttep_ep13,"
            18 Jan. 2010
    ",8.5,"3,552","When Marshall finds out he's the ""reacher"" in his relationship with Lily and not the ""settler,"" he considers pursuing a sexy and cool female coworker. Meanwhile, Ted finds out Robin is a drinking game for his architecture students."
5,14,"https://m.media-amazon.com/images/M/MV5BOTM2MTEyODU0OF5BMl5BanBnXkFtZTcwMTc3MzM4Mg@@._V1_UX224_CR0,0,224,126_AL_.jpg",Perfect Week,/title/tt1576524/?ref_=ttep_ep14,"
            1 Feb. 2010
    ",8.7,"3,835",When Barney is about to complete the perfect week - landing seven different girls in seven days - the gang roots him on in order to forget about their own miserable week.
5,15,"https://m.media-amazon.com/images/M/MV5BOTM2MTEyODU0OF5BMl5BanBnXkFtZTcwMTc3MzM4Mg@@._V1_UX224_CR0,0,224,126_AL_.jpg",Rabbit or Duck,/title/tt1589779/?ref_=ttep_ep15,"
            8 Feb. 2010
    ",7.9,"3,137","Barney runs into problems when he displays his cell phone number during the Super Bowl, Ted asks Marshall and Lily to arrange a marriage for him, and Robin thinks that her co-anchor has asked her out on a date."
5,16,"https://m.media-amazon.com/images/M/MV5BOTM2MTEyODU0OF5BMl5BanBnXkFtZTcwMTc3MzM4Mg@@._V1_UX224_CR0,0,224,126_AL_.jpg",Hooked,/title/tt1595724/?ref_=ttep_ep16,"
            1 Mar. 2010
    ",7.6,"3,078","When the gang tries to convince Ted that he is being strung along by Tiffany, they reflect about relationships where each of them has been in the same situation."
5,17,"https://m.media-amazon.com/images/M/MV5BOTM2MTEyODU0OF5BMl5BanBnXkFtZTcwMTc3MzM4Mg@@._V1_UX224_CR0,0,224,126_AL_.jpg",Of Course,/title/tt1609315/?ref_=ttep_ep17,"
            8 Mar. 2010
    ",8.2,"3,439","After the guys discover that Robin deliberately got Barney hooked up with an incompatible female writer, they find out that that they didn't realize that Robin hasn't been handling their breakup very well."
5,18,"https://m.media-amazon.com/images/M/MV5BOTM2MTEyODU0OF5BMl5BanBnXkFtZTcwMTc3MzM4Mg@@._V1_UX224_CR0,0,224,126_AL_.jpg",Say Cheese,/title/tt1610780/?ref_=ttep_ep18,"
            22 Mar. 2010
    ",8.1,"3,172","Ted angers Lily when he brings a random date to her birthday party, so she is forced to remind him of all the other random women he has brought along to important functions, only to discover that they weren't ""the one."""
5,19,"https://m.media-amazon.com/images/M/MV5BOTM2MTEyODU0OF5BMl5BanBnXkFtZTcwMTc3MzM4Mg@@._V1_UX224_CR0,0,224,126_AL_.jpg",Zoo or False,/title/tt1624286/?ref_=ttep_ep19,"
            12 Apr. 2010
    ",7.5,"3,076","Marshall comes up with a number of different outrageous and embarrassing stories to explain how he was mugged in Central Park, but which of his stories is the truth?"
5,20,"https://m.media-amazon.com/images/M/MV5BOTM2MTEyODU0OF5BMl5BanBnXkFtZTcwMTc3MzM4Mg@@._V1_UX224_CR0,0,224,126_AL_.jpg",Home Wreckers,/title/tt1631001/?ref_=ttep_ep20,"
            19 Apr. 2010
    ",7.7,"3,055","Ted reacts to his mom's second wedding by making the capricious decision to buy his ""dream house,"" while everyone tries to figure out whether Barney or Robin cried at the wedding."
5,21,"https://m.media-amazon.com/images/M/MV5BOTM2MTEyODU0OF5BMl5BanBnXkFtZTcwMTc3MzM4Mg@@._V1_UX224_CR0,0,224,126_AL_.jpg",Twin Beds,/title/tt1632014/?ref_=ttep_ep21,"
            3 May 2010
    ",7.6,"2,977","As Robin contemplates moving in with her new boyfriend Don, Ted and Barney both decide that they want her back. Meanwhile, Marshall and Lily think they've revolutionized modern marriage when they begin sleeping in separate beds."
5,22,"https://m.media-amazon.com/images/M/MV5BOTM2MTEyODU0OF5BMl5BanBnXkFtZTcwMTc3MzM4Mg@@._V1_UX224_CR0,0,224,126_AL_.jpg",Robots vs. Wrestlers,/title/tt1632015/?ref_=ttep_ep22,"
            10 May 2010
    ",8.1,"3,182","Barney is worried that the old gang is falling apart when Ted blows off a ""Wrestlers vs. Robots"" competition so that he can stay at a snobby party."
5,23,"https://m.media-amazon.com/images/M/MV5BOTM2MTEyODU0OF5BMl5BanBnXkFtZTcwMTc3MzM4Mg@@._V1_UX224_CR0,0,224,126_AL_.jpg",The Wedding Bride,/title/tt1640994/?ref_=ttep_ep23,"
            17 May 2010
    ",7.9,"3,339","Ted is livid when he discovers that the man Stella left Ted for at the altar wrote a blockbuster movie about the incident, and portrays Ted as the bumbling, mean-spirited bad guy."
5,24,"https://m.media-amazon.com/images/M/MV5BOTM2MTEyODU0OF5BMl5BanBnXkFtZTcwMTc3MzM4Mg@@._V1_UX224_CR0,0,224,126_AL_.jpg",Doppelgangers,/title/tt1648494/?ref_=ttep_ep24,"
            24 May 2010
    ",8.4,"3,261","Marshall and Lily think they've spotted Barney's doppelganger, which means that they can start trying to have a baby, but it's really Barney in disguise. Meanwhile, Ted goes blonde and Robin considers taking an anchor job in Chicago."
6,1,"https://m.media-amazon.com/images/M/MV5BMjc0OTAzMjY2Ml5BMl5BanBnXkFtZTcwNDA0MjM4Mw@@._V1_UX224_CR0,0,224,126_AL_.jpg",Big Days,/title/tt1701804/?ref_=ttep_ep1,"
            20 Sep. 2010
    ",8.0,"3,305","Ted musters up the courage to talk to a girl at the bar, but then discovers she's there with one of his exes. Meanwhile, Lily is mad at Marshall because he told his dad they're trying to have a baby, and Robin lets herself go."
6,2,"https://m.media-amazon.com/images/M/MV5BMjc0OTAzMjY2Ml5BMl5BanBnXkFtZTcwNDA0MjM4Mw@@._V1_UX224_CR0,0,224,126_AL_.jpg",Cleaning House,/title/tt1713733/?ref_=ttep_ep2,"
            27 Sep. 2010
    ",8.2,"3,369","The gang accompanies Barney and his brother James after they find the man who may be Barney's father, but it turns out to be James' father instead."
6,3,"https://m.media-amazon.com/images/M/MV5BMjc0OTAzMjY2Ml5BMl5BanBnXkFtZTcwNDA0MjM4Mw@@._V1_UX224_CR0,0,224,126_AL_.jpg",Unfinished,/title/tt1723669/?ref_=ttep_ep3,"
            4 Oct. 2010
    ",7.7,"3,018","When Ted declines Barney's offer to design the new GNB building, Barney tries to woo him by using all of his best womanizing tactics. Meanwhile, Robin is still not over her relationship with Don and drunk dials him."
6,4,"https://m.media-amazon.com/images/M/MV5BMjc0OTAzMjY2Ml5BMl5BanBnXkFtZTcwNDA0MjM4Mw@@._V1_UX224_CR0,0,224,126_AL_.jpg",Subway Wars,/title/tt1733369/?ref_=ttep_ep4,"
            11 Oct. 2010
    ",8.5,"3,535","The guys race each other, each using a different form of transportation, from the pub to a restaurant seven miles away because a friend claims that Woody Allen is there."
6,5,"https://m.media-amazon.com/images/M/MV5BMjc0OTAzMjY2Ml5BMl5BanBnXkFtZTcwNDA0MjM4Mw@@._V1_UX224_CR0,0,224,126_AL_.jpg",Architect of Destruction,/title/tt1737327/?ref_=ttep_ep5,"
            18 Oct. 2010
    ",7.6,"2,961","Is Ted having second thoughts about designing GNB's new skyscraper because it would tear down a landmark, or because he's trying to impress a woman? Meanwhile, Lily shares a secret about Robin's new boyfriend with Marshall."
6,6,"https://m.media-amazon.com/images/M/MV5BMjc0OTAzMjY2Ml5BMl5BanBnXkFtZTcwNDA0MjM4Mw@@._V1_UX224_CR0,0,224,126_AL_.jpg",Baby Talk,/title/tt1737328/?ref_=ttep_ep6,"
            25 Oct. 2010
    ",7.6,"2,968","Marshall takes steps to make sure that he and Lily have a baby boy, but Lily has other ideas. Meanwhile, when Ted begins dating Robin's co-anchor, Barney is inspired to use baby talk to pick up women, and Robin feels betrayed."
6,7,"https://m.media-amazon.com/images/M/MV5BMjc0OTAzMjY2Ml5BMl5BanBnXkFtZTcwNDA0MjM4Mw@@._V1_UX224_CR0,0,224,126_AL_.jpg",Canning Randy,/title/tt1746026/?ref_=ttep_ep7,"
            1 Nov. 2010
    ",7.5,"2,923","Marshall struggles to fire an incompetent employee, everyone tries to figure out whom Robin slept with Halloween night, and Zoey, the GNB skyscraper protester, finds a way to turn Ted's class against him."
6,8,"https://m.media-amazon.com/images/M/MV5BMjc0OTAzMjY2Ml5BMl5BanBnXkFtZTcwNDA0MjM4Mw@@._V1_UX224_CR0,0,224,126_AL_.jpg",Natural History,/title/tt1757176/?ref_=ttep_ep8,"
            8 Nov. 2010
    ",8.0,"3,077","Ted and Zoey's feud continues during a fundraiser at the Museum of Natural History. Meanwhile, Marshall confesses to Lily that he enjoys his job at GNB, and a prank by Barney and Robin may lead Barney to his real father."
6,9,"https://m.media-amazon.com/images/M/MV5BMjc0OTAzMjY2Ml5BMl5BanBnXkFtZTcwNDA0MjM4Mw@@._V1_UX224_CR0,0,224,126_AL_.jpg",Glitter,/title/tt1763611/?ref_=ttep_ep9,"
            15 Nov. 2010
    ",8.4,"3,575","While Barney finds a new video from Robin's Canadian teen star past, Lily fears that a baby could come between her friendship with Robin. Meanwhile, Ted's obnoxious old friend, ""Punchy,"" comes from Cleveland for a visit."
6,10,"https://m.media-amazon.com/images/M/MV5BMjc0OTAzMjY2Ml5BMl5BanBnXkFtZTcwNDA0MjM4Mw@@._V1_UX224_CR0,0,224,126_AL_.jpg",Blitzgiving,/title/tt1777828/?ref_=ttep_ep10,"
            22 Nov. 2010
    ",9.0,"4,828","When Ted leaves the bar early to prepare a Thanksgiving feast for his friends, the gang winds up partying all night with The Blitz, an old friend from college who has bad luck. As a result, Ted is forced to spend Thanksgiving with Zoey."
6,11,"https://m.media-amazon.com/images/M/MV5BMjc0OTAzMjY2Ml5BMl5BanBnXkFtZTcwNDA0MjM4Mw@@._V1_UX224_CR0,0,224,126_AL_.jpg",The Mermaid Theory,/title/tt1779155/?ref_=ttep_ep11,"
            6 Dec. 2010
    ",7.8,"3,094","Ted goes on a boating trip with Zoey's husband, ""The Captain."" Meanwhile, Barney's ""Mermaid Theory"" prevents Marshal from having a nice dinner with Robin, and the narrator tries to recall the details of a fight between Lily and Barney."
6,12,"https://m.media-amazon.com/images/M/MV5BMjc0OTAzMjY2Ml5BMl5BanBnXkFtZTcwNDA0MjM4Mw@@._V1_UX224_CR0,0,224,126_AL_.jpg",False Positive,/title/tt1778997/?ref_=ttep_ep12,"
            13 Dec. 2010
    ",8.1,"3,071","Barney and Robin contemplate drastic positive changes in their lives when Marshall and Lily announce that Lily is pregnant, but renege on their promises when Marshall and Lily tell them that it was a false positive."
6,13,"https://m.media-amazon.com/images/M/MV5BMjc0OTAzMjY2Ml5BMl5BanBnXkFtZTcwNDA0MjM4Mw@@._V1_UX224_CR0,0,224,126_AL_.jpg",Bad News,/title/tt1795967/?ref_=ttep_ep13,"
            3 Jan. 2011
    ",8.9,"4,551","Marshall suspects that he is the reason Lily can't get pregnant after meeting a fertility doctor who also happens to be Barney's doppelganger. Meanwhile, Robin's embarrassing past is revealed at work by her former co-anchor."
6,14,"https://m.media-amazon.com/images/M/MV5BMjc0OTAzMjY2Ml5BMl5BanBnXkFtZTcwNDA0MjM4Mw@@._V1_UX224_CR0,0,224,126_AL_.jpg",Last Words,/title/tt1795956/?ref_=ttep_ep14,"
            17 Jan. 2011
    ",8.6,"3,722","The gang tries to support Marshall and Lily tries to help his mom during Marshall's father's funeral, but Marshall becomes preoccupied when he discovers that he has one final voicemail message from him."
6,15,"https://m.media-amazon.com/images/M/MV5BMjc0OTAzMjY2Ml5BMl5BanBnXkFtZTcwNDA0MjM4Mw@@._V1_UX224_CR0,0,224,126_AL_.jpg",Oh Honey,/title/tt1795957/?ref_=ttep_ep15,"
            7 Feb. 2011
    ",8.7,"4,061","Ted discovers that he is in love with Zoey after she tries to set him up on a date with her naive cousin, and he cuts off their friendship as a result. But little does he know that her marriage status has changed and she loves him too."
6,16,"https://m.media-amazon.com/images/M/MV5BMjc0OTAzMjY2Ml5BMl5BanBnXkFtZTcwNDA0MjM4Mw@@._V1_UX224_CR0,0,224,126_AL_.jpg",Desperation Day,/title/tt1795958/?ref_=ttep_ep16,"
            14 Feb. 2011
    ",7.9,"3,013","Lily goes to Minnesota to bring Marshall back, but he's not ready to leave yet. Meanwhile, Ted and Zoey's relationship gets off to a rocky start, and Barney searches for a female ""victim"" the night before Valentine's Day."
6,17,"https://m.media-amazon.com/images/M/MV5BMjc0OTAzMjY2Ml5BMl5BanBnXkFtZTcwNDA0MjM4Mw@@._V1_UX224_CR0,0,224,126_AL_.jpg",Garbage Island,/title/tt1795959/?ref_=ttep_ep17,"
            21 Feb. 2011
    ",7.5,"2,859","The Captain asks Ted to help find out who stole Zoey away from him, Marshall withholds sex until he does something to help the environment, and Barney is reluctant to admit that he has a crush on Robin's friend."
6,18,"https://m.media-amazon.com/images/M/MV5BMjc0OTAzMjY2Ml5BMl5BanBnXkFtZTcwNDA0MjM4Mw@@._V1_UX224_CR0,0,224,126_AL_.jpg",A Change of Heart,/title/tt1795960/?ref_=ttep_ep18,"
            28 Feb. 2011
    ",8.1,"3,119","The gang gets mad at Barney when he lies to Nora and says he wants to get married and have a family to impress her, and Robin begins dating a guy who seems to possess several canine characteristics."
6,19,"https://m.media-amazon.com/images/M/MV5BMjc0OTAzMjY2Ml5BMl5BanBnXkFtZTcwNDA0MjM4Mw@@._V1_UX224_CR0,0,224,126_AL_.jpg",Legendaddy,/title/tt1795961/?ref_=ttep_ep19,"
            21 Mar. 2011
    ",8.2,"3,290","Barney finally meets his biological father, but is disappointed to discover that he leads a boring life and is nothing like him."
6,20,"https://m.media-amazon.com/images/M/MV5BMjc0OTAzMjY2Ml5BMl5BanBnXkFtZTcwNDA0MjM4Mw@@._V1_UX224_CR0,0,224,126_AL_.jpg",The Exploding Meatball Sub,/title/tt1795962/?ref_=ttep_ep20,"
            11 Apr. 2011
    ",7.5,"2,867","Despite Zoey still opposing the new GNB headquarters being built on the Arcadian Hotel site, Ted and Zoey's personal relationship is thriving. That issue is only one of the many disagreements in their life, which Ted likens to the two challenging each other mentally. On the other hand, he sees Marshall and Lily's relationship as being boring, as they agree on everything to the point of them almost melding into one person. Lily and Marshall, on the other hand, see their relationship as being supportive, the way that relationships should be, whereas they see Ted and ..."
6,21,"https://m.media-amazon.com/images/M/MV5BMjc0OTAzMjY2Ml5BMl5BanBnXkFtZTcwNDA0MjM4Mw@@._V1_UX224_CR0,0,224,126_AL_.jpg",Hopeless,/title/tt1795963/?ref_=ttep_ep21,"
            18 Apr. 2011
    ",7.8,"2,869","When Barney tries to bond with his father, he asks the gang to help make his life seem more exciting by lying about their own lives. Meanwhile, Robin runs into a guy she has a crush on."
6,22,"https://m.media-amazon.com/images/M/MV5BMjc0OTAzMjY2Ml5BMl5BanBnXkFtZTcwNDA0MjM4Mw@@._V1_UX224_CR0,0,224,126_AL_.jpg",The Perfect Cocktail,/title/tt1795964/?ref_=ttep_ep22,"
            2 May 2011
    ",7.7,"2,902","When Marshall switches sides on the Arcadian dispute, his friendship with Barney is compromised and the gang is banned from the bar. Meanwhile, Ted finally finds the courage to confront Zoey about the same topic."
6,23,"https://m.media-amazon.com/images/M/MV5BMjc0OTAzMjY2Ml5BMl5BanBnXkFtZTcwNDA0MjM4Mw@@._V1_UX224_CR0,0,224,126_AL_.jpg",Landmarks,/title/tt1795965/?ref_=ttep_ep23,"
            9 May 2011
    ",7.6,"2,828","Ted is forced to make the final decision on whether he thinks The Arcadian should be declared a landmark, and his future with Zoey and Barney's future at GNB hinge on his decision."
6,24,"https://m.media-amazon.com/images/M/MV5BMjc0OTAzMjY2Ml5BMl5BanBnXkFtZTcwNDA0MjM4Mw@@._V1_UX224_CR0,0,224,126_AL_.jpg",Challenge Accepted,/title/tt1795966/?ref_=ttep_ep24,"
            16 May 2011
    ",8.4,"3,307","In the aftermath of Ted and Zoey's break-up, Ted is having second thoughts. He is freaking out about an issue with the GNB headquarters, and historically when Ted freaks out about something, he turns to dating an old girlfriend if only for something comfortable and familiar, however bad returning to that relationship ended up being. When Barney and Robin find out that Ted is going to meet Zoey to get back together with her, they have to try and figure out where that meeting place is so that they can stop him. Beyond piecing together this puzzle, Barney and Robin's ..."
7,1,"https://m.media-amazon.com/images/M/MV5BNjIzMzYyMDkzOF5BMl5BanBnXkFtZTcwNjIxMDYzNg@@._V1_UX224_CR0,0,224,126_AL_.jpg",The Best Man,/title/tt1982341/?ref_=ttep_ep1,"
            19 Sep. 2011
    ",8.4,"4,042","While Barney prepares for his wedding to a mystery bride, he and Ted reminisce about Punchy's wedding, including when Marshall and Lily announced they were having a baby. Meanwhile, Robin considers telling Barney she has feelings for him."
7,2,"https://m.media-amazon.com/images/M/MV5BNjIzMzYyMDkzOF5BMl5BanBnXkFtZTcwNjIxMDYzNg@@._V1_UX224_CR0,0,224,126_AL_.jpg",The Naked Truth,/title/tt2039807/?ref_=ttep_ep2,"
            19 Sep. 2011
    ",8.0,"3,267","Ted tries to choose a date for the Architect's Ball, an embarrassing Internet video could cost Marshall a new job, and Barney makes a bold move to prove to Nora that he's a changed man."
7,3,"https://m.media-amazon.com/images/M/MV5BNjIzMzYyMDkzOF5BMl5BanBnXkFtZTcwNjIxMDYzNg@@._V1_UX224_CR0,0,224,126_AL_.jpg",Ducky Tie,/title/tt2049132/?ref_=ttep_ep3,"
            26 Sep. 2011
    ",8.8,"4,195","At the Architect's Ball, Ted runs into Victoria, who tells him that she's getting married. Meanwhile, Barney places an unlikely wager with Marshall and Lily in order to see Lily's breasts."
7,4,"https://m.media-amazon.com/images/M/MV5BNjIzMzYyMDkzOF5BMl5BanBnXkFtZTcwNjIxMDYzNg@@._V1_UX224_CR0,0,224,126_AL_.jpg",The Stinson Missile Crisis,/title/tt2049980/?ref_=ttep_ep4,"
            3 Oct. 2011
    ",7.9,"3,136","Jealous over Barney's relationship with Nora, Robin tells her court-appointed therapist the series of events that led up to the assault that she committed."
7,5,"https://m.media-amazon.com/images/M/MV5BNjIzMzYyMDkzOF5BMl5BanBnXkFtZTcwNjIxMDYzNg@@._V1_UX224_CR0,0,224,126_AL_.jpg",Field Trip,/title/tt2071800/?ref_=ttep_ep5,"
            10 Oct. 2011
    ",7.3,"2,957","Robin tries to date her therapist, Marshall thinks his boss has gone soft on environmentalism, Barney suspects that Nora may be lying about her age, and Ted takes his Intro to Architecture class on the worst field trip ever."
7,6,"https://m.media-amazon.com/images/M/MV5BNjIzMzYyMDkzOF5BMl5BanBnXkFtZTcwNjIxMDYzNg@@._V1_UX224_CR0,0,224,126_AL_.jpg",Mystery vs. History,/title/tt2072524/?ref_=ttep_ep6,"
            17 Oct. 2011
    ",7.6,"3,078",Ted agrees to go on a date without researching her on the Internet beforehand; Barney urges Marshall and Lily to find out and reveal the gender of their child; and Kevin tries but fails to avoid passing judgment on the group.
7,7,"https://m.media-amazon.com/images/M/MV5BNjIzMzYyMDkzOF5BMl5BanBnXkFtZTcwNjIxMDYzNg@@._V1_UX224_CR0,0,224,126_AL_.jpg",Noretta,/title/tt2072525/?ref_=ttep_ep7,"
            24 Oct. 2011
    ",7.6,"3,068","Kevin's declaration that everybody marries their parents ruins Marshall and Lily's romantic evening, but will anything keep Barney from getting lucky with Nora? And will Kevin finally get fed up with Ted and Robin's close relationship?"
7,8,"https://m.media-amazon.com/images/M/MV5BNjIzMzYyMDkzOF5BMl5BanBnXkFtZTcwNjIxMDYzNg@@._V1_UX224_CR0,0,224,126_AL_.jpg",The Slutty Pumpkin Returns,/title/tt2072526/?ref_=ttep_ep8,"
            31 Oct. 2011
    ",7.3,"3,157","Ted finds his long-lost crush from a Halloween party 10 years ago, but will there be any chemistry? Meanwhile, Lily's ""pregnancy brain"" convinces her to move to the suburbs, and Barney finds out he's one-quarter Canadian."
7,9,"https://m.media-amazon.com/images/M/MV5BNjIzMzYyMDkzOF5BMl5BanBnXkFtZTcwNjIxMDYzNg@@._V1_UX224_CR0,0,224,126_AL_.jpg",Disaster Averted,/title/tt2094413/?ref_=ttep_ep9,"
            7 Nov. 2011
    ",8.2,"3,280","The gang explains to Kevin the origins of the ""No Boogie-Boarding"" sign in front of MacLaren's, which has to do with Hurricane Irene. Meanwhile, Barney negotiates with Marshall about how to get out of wearing the ducky tie."
7,10,"https://m.media-amazon.com/images/M/MV5BNjIzMzYyMDkzOF5BMl5BanBnXkFtZTcwNjIxMDYzNg@@._V1_UX224_CR0,0,224,126_AL_.jpg",Tick Tick Tick,/title/tt2102769/?ref_=ttep_ep10,"
            14 Nov. 2011
    ",8.9,"4,727","Barney and Robin are afraid to break the news to Nora and Kevin that they cheated with each other and want to get back together, while Ted and Marshall get stoned together at a concert."
7,11,"https://m.media-amazon.com/images/M/MV5BNjIzMzYyMDkzOF5BMl5BanBnXkFtZTcwNjIxMDYzNg@@._V1_UX224_CR0,0,224,126_AL_.jpg",The Rebound Girl,/title/tt2108075/?ref_=ttep_ep11,"
            21 Nov. 2011
    ",7.8,"3,133","While Robin tries to talk Marshall and Lily out of moving to Long Island, Ted and Barney make the decision to become ""bro-parents."""
7,12,"https://m.media-amazon.com/images/M/MV5BNjIzMzYyMDkzOF5BMl5BanBnXkFtZTcwNjIxMDYzNg@@._V1_UX224_CR0,0,224,126_AL_.jpg",Symphony of Illumination,/title/tt2121966/?ref_=ttep_ep12,"
            5 Dec. 2011
    ",8.7,"4,211","After Robin tells Barney that she's pregnant with his child, she receives some shocking news from her doctor. Meanwhile, a neighborhood teen plays a trick on Marshall while he decorates his house with Christmas lights."
7,13,"https://m.media-amazon.com/images/M/MV5BNjIzMzYyMDkzOF5BMl5BanBnXkFtZTcwNjIxMDYzNg@@._V1_UX224_CR0,0,224,126_AL_.jpg",Tailgate,/title/tt2157459/?ref_=ttep_ep13,"
            2 Jan. 2012
    ",7.7,"3,119","After celebrating New Year's Eve, Marshall visits his father's graveside to carry on their tradition of tailgating. Meanwhile, Barney and Ted open a bar called ""Puzzles,"" and Robin is forced to fill in for an inebriated news anchor."
7,14,"https://m.media-amazon.com/images/M/MV5BNjIzMzYyMDkzOF5BMl5BanBnXkFtZTcwNjIxMDYzNg@@._V1_UX224_CR0,0,224,126_AL_.jpg",46 Minutes,/title/tt2157457/?ref_=ttep_ep14,"
            16 Jan. 2012
    ",7.5,"3,181","While Marshall and Lily spend their first night in their new home after deciding to permanently move to Long Island, Barney takes over as group leader in Manhattan--both with disastrous results."
7,15,"https://m.media-amazon.com/images/M/MV5BNjIzMzYyMDkzOF5BMl5BanBnXkFtZTcwNjIxMDYzNg@@._V1_UX224_CR0,0,224,126_AL_.jpg",The Burning Beekeeper,/title/tt2216757/?ref_=ttep_ep15,"
            6 Feb. 2012
    ",7.3,"3,402",Lily and Marshall throw a housewarming party where Ted nearly comes to blows with Marshall's boss; Barney hits on a crazy divorcee.
7,16,"https://m.media-amazon.com/images/M/MV5BNjIzMzYyMDkzOF5BMl5BanBnXkFtZTcwNjIxMDYzNg@@._V1_UX224_CR0,0,224,126_AL_.jpg",The Drunk Train,/title/tt2216759/?ref_=ttep_ep16,"
            13 Feb. 2012
    ",7.9,"3,206","Kevin proposes to Robin, but will he take it back when Robin tells him she can't have children? Meanwhile, Barney and Ted try to score on the ""drunk train"" to Long Island, but something is surprisingly holding Barney back."
7,17,"https://m.media-amazon.com/images/M/MV5BNjIzMzYyMDkzOF5BMl5BanBnXkFtZTcwNjIxMDYzNg@@._V1_UX224_CR0,0,224,126_AL_.jpg",No Pressure,/title/tt2212411/?ref_=ttep_ep17,"
            20 Feb. 2012
    ",8.3,"3,395","While Ted waits to find out whether Robin loves him back, he discovers that Marshall and Lily have been trying to influence him in opposite directions to win a bet. Meanwhile, Barney tries to find Marshall and Lily's sex tape."
7,18,"https://m.media-amazon.com/images/M/MV5BNjIzMzYyMDkzOF5BMl5BanBnXkFtZTcwNjIxMDYzNg@@._V1_UX224_CR0,0,224,126_AL_.jpg",Karma,/title/tt2247489/?ref_=ttep_ep18,"
            27 Feb. 2012
    ",7.9,"2,995","Barney gets played and heart-broken over a stripper named ""Karma,"" Robin becomes bored with her life on Long Island with Marshall and Lily, while Ted searches for a hobby to fill the empty space in Robin's old room."
7,19,"https://m.media-amazon.com/images/M/MV5BNjIzMzYyMDkzOF5BMl5BanBnXkFtZTcwNjIxMDYzNg@@._V1_UX224_CR0,0,224,126_AL_.jpg",The Broath,/title/tt2265943/?ref_=ttep_ep19,"
            19 Mar. 2012
    ",8.5,"3,481","The gang tries to break up Barney and Quinn after learning they plan on moving in together, leaving Robin and Ted to fight over who deserves to sublet her apartment."
7,20,"https://m.media-amazon.com/images/M/MV5BNjIzMzYyMDkzOF5BMl5BanBnXkFtZTcwNjIxMDYzNg@@._V1_UX224_CR0,0,224,126_AL_.jpg",Trilogy Time,/title/tt2336905/?ref_=ttep_ep20,"
            9 Apr. 2012
    ",8.5,"3,384","As Ted, Marshall, and Barney get together for their triennial viewing of the original Star Wars trilogy, Ted begins to question if he will ever end up where he wants to be - especially now that Barney and Quinn are getting serious."
7,21,"https://m.media-amazon.com/images/M/MV5BNjIzMzYyMDkzOF5BMl5BanBnXkFtZTcwNjIxMDYzNg@@._V1_UX224_CR0,0,224,126_AL_.jpg",Now We're Even,/title/tt2346207/?ref_=ttep_ep21,"
            16 Apr. 2012
    ",7.8,"2,894","Just as Ted starts to settle into his new apartment alone, Barney tries to entice him into going out every single night. Meanwhile, Lily has a naughty dream about someone other than Marshall, and Robin finally becomes a famous news anchor."
7,22,"https://m.media-amazon.com/images/M/MV5BNjIzMzYyMDkzOF5BMl5BanBnXkFtZTcwNjIxMDYzNg@@._V1_UX224_CR0,0,224,126_AL_.jpg",Good Crazy,/title/tt2376741/?ref_=ttep_ep22,"
            30 Apr. 2012
    ",7.6,"2,805","Barney tries to set Ted up on dates so that he can forget about Robin, while also plotting to get Quinn out of her stripping job. Meanwhile, Lily sends Marshall on a getaway so that he will stop stressing over the baby."
7,23,"https://m.media-amazon.com/images/M/MV5BNjIzMzYyMDkzOF5BMl5BanBnXkFtZTcwNjIxMDYzNg@@._V1_UX224_CR0,0,224,126_AL_.jpg",The Magician's Code: Part 1,/title/tt2376743/?ref_=ttep_ep23,"
            14 May 2012
    ",8.4,"3,394",Ted and Robin take care of Lily when she goes into labor because Marshall is drunk and stuck in Atlantic City with Barney.
7,24,"https://m.media-amazon.com/images/M/MV5BNjIzMzYyMDkzOF5BMl5BanBnXkFtZTcwNjIxMDYzNg@@._V1_UX224_CR0,0,224,126_AL_.jpg",The Magician's Code: Part 2,/title/tt2376745/?ref_=ttep_ep24,"
            14 May 2012
    ",8.7,"3,923","Ted makes a fateful phone call to his old girlfriend Victoria, Barney's magic trick gets him in trouble with airport security just as he's about to leave on a trip with Quinn, and Robin tries to take the perfect birth announcement photo."
8,1,"https://m.media-amazon.com/images/M/MV5BMTYzMDIyOTY0N15BMl5BanBnXkFtZTcwNzA0NDIzOA@@._V1_UX224_CR0,0,224,126_AL_.jpg",Farhampton,/title/tt2252518/?ref_=ttep_ep1,"
            24 Sep. 2012
    ",8.4,"4,889","Ted convinces Victoria to take a brief detour before they leave together after she leaves her fianc at the altar, and Barney's engagement to Quinn may be short-lived after she finds about his past relationship with Robin."
8,2,"https://m.media-amazon.com/images/M/MV5BMTYzMDIyOTY0N15BMl5BanBnXkFtZTcwNzA0NDIzOA@@._V1_UX224_CR0,0,224,126_AL_.jpg",The Pre-Nup,/title/tt2414774/?ref_=ttep_ep2,"
            1 Oct. 2012
    ",7.3,"3,348","Barney's ridiculous pre-nup that he asks Quinn to sign gives the other guys ideas of their own, but the girls find a way to retaliate."
8,3,"https://m.media-amazon.com/images/M/MV5BMTYzMDIyOTY0N15BMl5BanBnXkFtZTcwNzA0NDIzOA@@._V1_UX224_CR0,0,224,126_AL_.jpg",Nannies,/title/tt2428798/?ref_=ttep_ep3,"
            8 Oct. 2012
    ",7.2,"3,095","When Lily and Marshall have trouble finding a nanny, they learn it's because of an elaborate scheme Barney came up with to meet girls. Meanwhile, Robin and Ted butt heads over who has a more serious relationship."
8,4,"https://m.media-amazon.com/images/M/MV5BMTYzMDIyOTY0N15BMl5BanBnXkFtZTcwNzA0NDIzOA@@._V1_UX224_CR0,0,224,126_AL_.jpg",Who Wants to Be a Godparent,/title/tt2428796/?ref_=ttep_ep4,"
            15 Oct. 2012
    ",7.4,"3,225","When Lily and Marshall can't decide on godparents for Marvin, they put the gang to the test to see who would make the best one."
8,5,"https://m.media-amazon.com/images/M/MV5BMTYzMDIyOTY0N15BMl5BanBnXkFtZTcwNzA0NDIzOA@@._V1_UX224_CR0,0,224,126_AL_.jpg",The Autumn of Breakups,/title/tt2460610/?ref_=ttep_ep5,"
            5 Nov. 2012
    ",7.3,"3,178","As the season of break-ups continues, Ted and Victoria must choose the next step in their long and complicated relationship. Meanwhile, Robin worries about Barney when he chooses a dog to be his wingman."
8,6,"https://m.media-amazon.com/images/M/MV5BMTYzMDIyOTY0N15BMl5BanBnXkFtZTcwNzA0NDIzOA@@._V1_UX224_CR0,0,224,126_AL_.jpg",Splitsville,/title/tt2460618/?ref_=ttep_ep6,"
            12 Nov. 2012
    ",7.4,"2,963","When Robin is hesitant to break up with Nick, Barney takes matters into his own hands. Meanwhile, Lily and Marshall are desperate for some private time."
8,7,"https://m.media-amazon.com/images/M/MV5BMTYzMDIyOTY0N15BMl5BanBnXkFtZTcwNzA0NDIzOA@@._V1_UX224_CR0,0,224,126_AL_.jpg",The Stamp Tramp,/title/tt2460620/?ref_=ttep_ep7,"
            19 Nov. 2012
    ",7.2,"2,884","Marshall gets in the doghouse at work after he recommends a friend for a job, Robin helps Barney find a new strip club, and Ted is embarrassed after watching his video diary from college."
8,8,"https://m.media-amazon.com/images/M/MV5BMTYzMDIyOTY0N15BMl5BanBnXkFtZTcwNzA0NDIzOA@@._V1_UX224_CR0,0,224,126_AL_.jpg",Twelve Horny Women,/title/tt2445770/?ref_=ttep_ep8,"
            26 Nov. 2012
    ",7.4,"2,953","While Marshall faces the most important court case of his career against his new arch-nemesis, Brad Morris, the rest of the gang tries to figure out which one was the biggest bad-ass in their youth."
8,9,"https://m.media-amazon.com/images/M/MV5BMTYzMDIyOTY0N15BMl5BanBnXkFtZTcwNzA0NDIzOA@@._V1_UX224_CR0,0,224,126_AL_.jpg",Lobster Crawl,/title/tt2466704/?ref_=ttep_ep9,"
            3 Dec. 2012
    ",7.3,"2,914","Robin has a plan to get Barney out of her system for good, Ted witnesses Marvin's first crawl while babysitting for Marshall and Lily, and Barney has a new business idea after destroying a beloved tie."
8,10,"https://m.media-amazon.com/images/M/MV5BMTYzMDIyOTY0N15BMl5BanBnXkFtZTcwNzA0NDIzOA@@._V1_UX224_CR0,0,224,126_AL_.jpg",The Over-Correction,/title/tt2547538/?ref_=ttep_ep10,"
            10 Dec. 2012
    ",7.9,"3,033","Robin tries to get Barney's ""Playbook"" out of jealousy over his new girlfriend, Marshall catches his mom having sex with Lily's dad, and Ted tries to get everything back that was borrowed from him and never returned."
8,11,"https://m.media-amazon.com/images/M/MV5BMTYzMDIyOTY0N15BMl5BanBnXkFtZTcwNzA0NDIzOA@@._V1_UX224_CR0,0,224,126_AL_.jpg",The Final Page: Part One,/title/tt2556002/?ref_=ttep_ep11,"
            17 Dec. 2012
    ",8.4,"3,662","Ted wants to rub his new building in the face of an old professor, Barney is the victim of a lengthy jinx, Marshall and Lily run into an annoying old acquaintance, and Robin gets an opportunity to fire Patrice."
8,12,"https://m.media-amazon.com/images/M/MV5BMTYzMDIyOTY0N15BMl5BanBnXkFtZTcwNzA0NDIzOA@@._V1_UX224_CR0,0,224,126_AL_.jpg",The Final Page: Part Two,/title/tt2556008/?ref_=ttep_ep12,"
            17 Dec. 2012
    ",9.4,"6,853","Will Ted go to the opening of his new building with Robin as his date, or will he break his promise to Barney and tell her that Barney is proposing to Patrice? Meanwhile, Marshall and Lily have big plans for a rare night out."
8,13,"https://m.media-amazon.com/images/M/MV5BMTYzMDIyOTY0N15BMl5BanBnXkFtZTcwNzA0NDIzOA@@._V1_UX224_CR0,0,224,126_AL_.jpg",Band or DJ?,/title/tt2569148/?ref_=ttep_ep13,"
            14 Jan. 2013
    ",7.7,"3,100","Robin's dad denies Barney permission to marry his daughter, Marshall and Lily deal with Marvin's constipation, and why is Ted so dead-set against hiring a band for Barney and Robin's wedding?"
8,14,"https://m.media-amazon.com/images/M/MV5BMTYzMDIyOTY0N15BMl5BanBnXkFtZTcwNzA0NDIzOA@@._V1_UX224_CR0,0,224,126_AL_.jpg",Ring Up!,/title/tt2630114/?ref_=ttep_ep14,"
            21 Jan. 2013
    ",7.8,"3,080","Barney convinces Ted to sleep with a 20 year old until Barney learns her identity, Robin discovers that her engagement ring makes her invisible, and a leather cuff improves Marshall and Lily's love life."
8,15,"https://m.media-amazon.com/images/M/MV5BMTYzMDIyOTY0N15BMl5BanBnXkFtZTcwNzA0NDIzOA@@._V1_UX224_CR0,0,224,126_AL_.jpg",P.S. I Love You,/title/tt2654452/?ref_=ttep_ep15,"
            4 Feb. 2013
    ",8.1,"3,526",Robin's past as a Canadian pop star is revisited when Barney uncovers the lost episode of a music documentary series in which she was featured as Robin Sparkles. Marshall and Lily have some concerns about Ted's latest girlfriend.
8,16,"https://m.media-amazon.com/images/M/MV5BMTYzMDIyOTY0N15BMl5BanBnXkFtZTcwNzA0NDIzOA@@._V1_UX224_CR0,0,224,126_AL_.jpg",Bad Crazy,/title/tt2676388/?ref_=ttep_ep16,"
            11 Feb. 2013
    ",7.4,"2,895","Ted's attempt to break up with his crazy new girlfriend does not go as planned, and Robin's fear of holding Marvin leads to an adventure with Mike Tyson."
8,17,"https://m.media-amazon.com/images/M/MV5BMTYzMDIyOTY0N15BMl5BanBnXkFtZTcwNzA0NDIzOA@@._V1_UX224_CR0,0,224,126_AL_.jpg",The Ashtray,/title/tt2712100/?ref_=ttep_ep17,"
            18 Feb. 2013
    ",7.7,"2,971","When Ted receives an unexpected call from The Captain, the gang reminisced about their last awkward encounter with him."
8,18,"https://m.media-amazon.com/images/M/MV5BMTYzMDIyOTY0N15BMl5BanBnXkFtZTcwNzA0NDIzOA@@._V1_UX224_CR0,0,224,126_AL_.jpg",Weekend at Barney's,/title/tt2668726/?ref_=ttep_ep18,"
            25 Feb. 2013
    ",8.0,"3,165","Barney is forced to break out ""The Playbook"" one final time to keep Ted from getting back together with Jeanette and taking her to his wedding, and Marshall embarrasses Lily at an art exhibition."
8,19,"https://m.media-amazon.com/images/M/MV5BMTYzMDIyOTY0N15BMl5BanBnXkFtZTcwNzA0NDIzOA@@._V1_UX224_CR0,0,224,126_AL_.jpg",The Fortress,/title/tt2777232/?ref_=ttep_ep19,"
            18 Mar. 2013
    ",7.8,"2,923","It's weeks before Barney and Robin's wedding, and one of the many things they still have to decide is where to live. The one thing Robin insists is that they don't live at Barney's apartment. So it goes on the market. However, Barney doesn't want to sell it to just anyone, but someone who is worthy of what was and will always be in his heart his ""Fortress of Barnitude"". Robin has a slightly different idea, which isn't as easy to achieve as she would like when she and others learn more and more about with what Barney has equipped his apartment. Meanwhile, Lily hasn't ..."
8,20,"https://m.media-amazon.com/images/M/MV5BMTYzMDIyOTY0N15BMl5BanBnXkFtZTcwNzA0NDIzOA@@._V1_UX224_CR0,0,224,126_AL_.jpg",The Time Travelers,/title/tt2733014/?ref_=ttep_ep20,"
            25 Mar. 2013
    ",8.3,"4,711","Ted and Barney run into their future selves as they debate whether to go to ""Wrestlers vs. Robots,"" while Robin and Marshall argue over who gets credit for a new drink at McLaren's."
8,21,"https://m.media-amazon.com/images/M/MV5BMTYzMDIyOTY0N15BMl5BanBnXkFtZTcwNzA0NDIzOA@@._V1_UX224_CR0,0,224,126_AL_.jpg",Romeward Bound,/title/tt2815916/?ref_=ttep_ep21,"
            15 Apr. 2013
    ",7.3,"2,837","""The Captain"" offers Lily a job in Rome, but will she take it? Meanwhile, Ted won't stop raving about the body of Barney and Robin's wedding planner."
8,22,"https://m.media-amazon.com/images/M/MV5BMTYzMDIyOTY0N15BMl5BanBnXkFtZTcwNzA0NDIzOA@@._V1_UX224_CR0,0,224,126_AL_.jpg",The Bro Mitzvah,/title/tt2847436/?ref_=ttep_ep22,"
            29 Apr. 2013
    ",8.7,"3,882","Ted and Marshall turn Barney's bachelor party into the worst night of his life, or is that exactly what they want him to believe?"
8,23,"https://m.media-amazon.com/images/M/MV5BMTYzMDIyOTY0N15BMl5BanBnXkFtZTcwNzA0NDIzOA@@._V1_UX224_CR0,0,224,126_AL_.jpg",Something Old,/title/tt2795770/?ref_=ttep_ep23,"
            6 May 2013
    ",7.5,"3,059","Robin searches for a locket that she buried in Central Park for her wedding, Ted helps Marshall and Lily pack for Italy, and Barney plays laser tag with his future father in law."
8,24,"https://m.media-amazon.com/images/M/MV5BMTYzMDIyOTY0N15BMl5BanBnXkFtZTcwNzA0NDIzOA@@._V1_UX224_CR0,0,224,126_AL_.jpg",Something New,/title/tt2861788/?ref_=ttep_ep24,"
            13 May 2013
    ",8.7,"4,288","As the wedding approaches, Barney and Robin deliberately ruin an obnoxious couple's evening, Marshall and Lily's plans for Italy hit a snag and Ted tells Lily that he's moving to Chicago."
9,1,"https://m.media-amazon.com/images/M/MV5BMTg0NDMzMjM0OF5BMl5BanBnXkFtZTgwODk4ODAwMDE@._V1_UX224_CR0,0,224,126_AL_.jpg",The Locket,/title/tt2802532/?ref_=ttep_ep1,"
            23 Sep. 2013
    ",7.7,"3,925","Lily meets an interesting person on the train to Farhampton, Marshall gets kicked off his flight to New York, Barney and Robin discover that they might be related, and Ted prepares to deliver a personal gift to Robin."
9,2,"https://m.media-amazon.com/images/M/MV5BMTg0NDMzMjM0OF5BMl5BanBnXkFtZTgwODk4ODAwMDE@._V1_UX224_CR0,0,224,126_AL_.jpg",Coming Back,/title/tt3040972/?ref_=ttep_ep2,"
            23 Sep. 2013
    ",7.6,"3,472","Marshall is forced to rent a car to get to New York, causing Lily to start drinking and accidentally reveal to Barney some bad news about his brother's marriage."
9,3,"https://m.media-amazon.com/images/M/MV5BMTg0NDMzMjM0OF5BMl5BanBnXkFtZTgwODk4ODAwMDE@._V1_UX224_CR0,0,224,126_AL_.jpg",Last Time in New York,/title/tt3040980/?ref_=ttep_ep3,"
            30 Sep. 2013
    ",7.5,"3,319","Barney and Robin try to have sex before the elderly wedding guests arrive, Ted reveals a list to Lily of things to do before he leaves New York, and Marshall has problems traveling through Packer Country."
9,4,"https://m.media-amazon.com/images/M/MV5BMTg0NDMzMjM0OF5BMl5BanBnXkFtZTgwODk4ODAwMDE@._V1_UX224_CR0,0,224,126_AL_.jpg",The Broken Code,/title/tt3113690/?ref_=ttep_ep4,"
            7 Oct. 2013
    ",7.2,"3,230","Barney gives Ted's Best Man duties to The Karate Kid's William Zabka over the incident at the carousel, and Lily gives Robin a lousy bridal party."
9,5,"https://m.media-amazon.com/images/M/MV5BMTg0NDMzMjM0OF5BMl5BanBnXkFtZTgwODk4ODAwMDE@._V1_UX224_CR0,0,224,126_AL_.jpg",The Poker Game,/title/tt3212666/?ref_=ttep_ep5,"
            14 Oct. 2013
    ",7.1,"3,204","Barney is upset after Robin wins James's wedding ring during the poker game, and Ted argues with Marshall and Lily over whether he gave them a wedding gift."
9,6,"https://m.media-amazon.com/images/M/MV5BMTg0NDMzMjM0OF5BMl5BanBnXkFtZTgwODk4ODAwMDE@._V1_UX224_CR0,0,224,126_AL_.jpg",Knight Vision,/title/tt3268352/?ref_=ttep_ep6,"
            21 Oct. 2013
    ",7.4,"3,178","When Ted finds himself with three prospects to be his date for the wedding weekend, he chooses poorly. Meanwhile, Barney and Robin have a confrontation with their minister, and Marshall learns more about his driving companion, Daphne."
9,7,"https://m.media-amazon.com/images/M/MV5BMTg0NDMzMjM0OF5BMl5BanBnXkFtZTgwODk4ODAwMDE@._V1_UX224_CR0,0,224,126_AL_.jpg",No Questions Asked,/title/tt3268354/?ref_=ttep_ep7,"
            28 Oct. 2013
    ",7.2,"3,212","When Daphne sends a troubling text message to Lily, Marshall enlists the gang's help to remove the message while enforcing the ""No Questions Asked"" rule."
9,8,"https://m.media-amazon.com/images/M/MV5BMTg0NDMzMjM0OF5BMl5BanBnXkFtZTgwODk4ODAwMDE@._V1_UX224_CR0,0,224,126_AL_.jpg",The Lighthouse,/title/tt3268356/?ref_=ttep_ep8,"
            4 Nov. 2013
    ",7.2,"3,241","When Robin and Loretta's conflict escalates, Barney is caught in the middle. Meanwhile, Marshall and Daphne deal with a stowaway on their road trip, and Ted and Cassie try to enjoy a trip to a lighthouse."
9,9,"https://m.media-amazon.com/images/M/MV5BMTg0NDMzMjM0OF5BMl5BanBnXkFtZTgwODk4ODAwMDE@._V1_UX224_CR0,0,224,126_AL_.jpg",Platonish,/title/tt3247720/?ref_=ttep_ep9,"
            11 Nov. 2013
    ",8.1,"3,680","After Robin finds out her mother isn't coming to the wedding, the group recalls a fateful night six months ago when Barney accepted the ""challenge"" of a lifetime, and Ted made a decision about his pursuit of Robin."
9,10,"https://m.media-amazon.com/images/M/MV5BMTg0NDMzMjM0OF5BMl5BanBnXkFtZTgwODk4ODAwMDE@._V1_UX224_CR0,0,224,126_AL_.jpg",Mom and Dad,/title/tt3317356/?ref_=ttep_ep10,"
            18 Nov. 2013
    ",6.6,"3,384","Barney and James fight over which one of their fathers will get back together with their mom, Ted becomes a victim of ""Zabkatage,"" and Daphne becomes inexplicably upset with Marshall."
9,11,"https://m.media-amazon.com/images/M/MV5BMTg0NDMzMjM0OF5BMl5BanBnXkFtZTgwODk4ODAwMDE@._V1_UX224_CR0,0,224,126_AL_.jpg",Bedtime Stories,/title/tt3331436/?ref_=ttep_ep11,"
            25 Nov. 2013
    ",5.8,"5,513","On the bus to Farhampton, Marshall tells Marvin bedtime stories about Ted, Robin and Barney in rhyme."
9,12,"https://m.media-amazon.com/images/M/MV5BMTg0NDMzMjM0OF5BMl5BanBnXkFtZTgwODk4ODAwMDE@._V1_UX224_CR0,0,224,126_AL_.jpg",The Rehearsal Dinner,/title/tt3353092/?ref_=ttep_ep12,"
            2 Dec. 2013
    ",7.6,"3,523","Barney becomes fixated on having his rehearsal dinner at a laser tag arena, much to Robin's dismay. Meanwhile, Ted doesn't come through on a promise, which aggravates Lily."
9,13,"https://m.media-amazon.com/images/M/MV5BMTg0NDMzMjM0OF5BMl5BanBnXkFtZTgwODk4ODAwMDE@._V1_UX224_CR0,0,224,126_AL_.jpg",Bass Player Wanted,/title/tt3382270/?ref_=ttep_ep13,"
            16 Dec. 2013
    ",8.1,"3,589","The gang encounters a guy at the wedding who intentionally stirs up trouble among them, and Marshall finally arrives at the Farhampton Inn."
9,14,"https://m.media-amazon.com/images/M/MV5BMTg0NDMzMjM0OF5BMl5BanBnXkFtZTgwODk4ODAwMDE@._V1_UX224_CR0,0,224,126_AL_.jpg",Slapsgiving 3: Slappointment in Slapmarra,/title/tt3359400/?ref_=ttep_ep14,"
            13 Jan. 2014
    ",5.9,"5,484","In an attempt to deliver a devastating final slap to Barney, Marshall explains how he mastered the Slap of A Million Exploding Suns."
9,15,"https://m.media-amazon.com/images/M/MV5BMTg0NDMzMjM0OF5BMl5BanBnXkFtZTgwODk4ODAwMDE@._V1_UX224_CR0,0,224,126_AL_.jpg",Unpause,/title/tt3390680/?ref_=ttep_ep15,"
            20 Jan. 2014
    ",8.3,"3,688","Robin and Ted take advantage of Barney when he becomes ""truth serum drunk,"" and Marshall does everything he can to remain in ""pause"" with Lily and avoid their fight."
9,16,"https://m.media-amazon.com/images/M/MV5BMTg0NDMzMjM0OF5BMl5BanBnXkFtZTgwODk4ODAwMDE@._V1_UX224_CR0,0,224,126_AL_.jpg",How Your Mother Met Me,/title/tt3390684/?ref_=ttep_ep16,"
            27 Jan. 2014
    ",9.5,"10,011","The story of The Mother, from her traumatic 21st birthday to a number of close calls with meeting Ted to the night before Barney and Robin's wedding."
9,17,"https://m.media-amazon.com/images/M/MV5BMTg0NDMzMjM0OF5BMl5BanBnXkFtZTgwODk4ODAwMDE@._V1_UX224_CR0,0,224,126_AL_.jpg",Sunrise,/title/tt3415286/?ref_=ttep_ep17,"
            3 Feb. 2014
    ",8.1,"3,892","While out looking for Barney on the day of the wedding, Robin and Ted reminisce about past relationships. Meanwhile, Marshall and Lily finally resolve their issues and Barney befriends two young guys eager to meet women."
9,18,"https://m.media-amazon.com/images/M/MV5BMTg0NDMzMjM0OF5BMl5BanBnXkFtZTgwODk4ODAwMDE@._V1_UX224_CR0,0,224,126_AL_.jpg",Rally,/title/tt3415288/?ref_=ttep_ep18,"
            24 Feb. 2014
    ",7.9,"3,227","On their wedding day, Barney has a massive hangover. The gang tries to help him get over the hangover by finding the correct ingredients."
9,19,"https://m.media-amazon.com/images/M/MV5BMTg0NDMzMjM0OF5BMl5BanBnXkFtZTgwODk4ODAwMDE@._V1_UX224_CR0,0,224,126_AL_.jpg",Vesuvius,/title/tt3415292/?ref_=ttep_ep19,"
            3 Mar. 2014
    ",7.5,"3,278","Lily is concerned that Robin is not acting appropriately on her wedding day, Ted helps Barney pick his wedding suit, and the gang watch an embarrassing movie based on Ted's life."
9,20,"https://m.media-amazon.com/images/M/MV5BMTg0NDMzMjM0OF5BMl5BanBnXkFtZTgwODk4ODAwMDE@._V1_UX224_CR0,0,224,126_AL_.jpg",Daisy,/title/tt3415296/?ref_=ttep_ep20,"
            10 Mar. 2014
    ",8.4,"3,652","The guys try to figure out where Lily went after her fight with Marshall and why. Meanwhile, after a talk with her mother, Robin is concerned that she is marrying her father."
9,21,"https://m.media-amazon.com/images/M/MV5BMTg0NDMzMjM0OF5BMl5BanBnXkFtZTgwODk4ODAwMDE@._V1_UX224_CR0,0,224,126_AL_.jpg",Gary Blauman,/title/tt3415298/?ref_=ttep_ep21,"
            17 Mar. 2014
    ",8.2,"3,740","Ted wants to get a wedding guest he especially despises to leave, but Lily wants him to stay because she likes him."
9,22,"https://m.media-amazon.com/images/M/MV5BMTg0NDMzMjM0OF5BMl5BanBnXkFtZTgwODk4ODAwMDE@._V1_UX224_CR0,0,224,126_AL_.jpg",The End of the Aisle,/title/tt3415300/?ref_=ttep_ep22,"
            24 Mar. 2014
    ",8.8,"4,804","With only half an hour to go, both Barney and Robin have panic attacks about their upcoming nuptials. Meanwhile, Marshall and Lily rewrite their old wedding vows."
9,23,"https://m.media-amazon.com/images/M/MV5BMTg0NDMzMjM0OF5BMl5BanBnXkFtZTgwODk4ODAwMDE@._V1_UX224_CR0,0,224,126_AL_.jpg",Last Forever: Part One,/title/tt3415302/?ref_=ttep_ep23,"
            31 Mar. 2014
    ",6.7,"10,073","After Barney and Robin's wedding, Ted builds up the courage to approach ""the mother"" at the train station. Meanwhile, three years after the wedding, Barney and Robin drop a bombshell on the group."
9,24,"https://m.media-amazon.com/images/M/MV5BMTg0NDMzMjM0OF5BMl5BanBnXkFtZTgwODk4ODAwMDE@._V1_UX224_CR0,0,224,126_AL_.jpg",Last Forever: Part Two,/title/tt3415304/?ref_=ttep_ep24,"
            31 Mar. 2014
    ",5.5,"18,924","As the years go on, changes cause the group to drift apart, but they reunite one more time for Ted's wedding. Meanwhile, a monumental event causes Barney to finally change his ways."
